from,from_kind,type,raw_target,resolved_target,target_exists
src/html/articles/detail.html,html,include,../../partial/features/articles/_article-3col.html,src/partial/features/articles/_article-3col.html,yes
src/html/articles/detail.html,html,include,../../partial/features/articles/_article-3col.html,src/partial/features/articles/_article-3col.html,yes
src/html/articles/detail.html,html,include,../../partial/features/articles/_article-3col.html,src/partial/features/articles/_article-3col.html,yes
src/html/articles/detail.html,html,include,../../partial/features/articles/_article-3col.html,src/partial/features/articles/_article-3col.html,yes
src/html/articles/detail.html,html,include,../../partial/features/articles/_article-price-list.html,src/partial/features/articles/_article-price-list.html,yes
src/html/articles/detail.html,html,include,../../partial/features/articles/_author-info.html,src/partial/features/articles/_author-info.html,yes
src/html/articles/detail.html,html,include,../../partial/features/articles/_detail-editable.html,src/partial/features/articles/_detail-editable.html,yes
src/html/articles/detail.html,html,include,../../partial/features/articles/_detail-header.html,src/partial/features/articles/_detail-header.html,yes
src/html/articles/detail.html,html,include,../../partial/features/articles/_img-compare.html,src/partial/features/articles/_img-compare.html,yes
src/html/articles/detail.html,html,include,../../partial/features/articles/_pros-cons.html,src/partial/features/articles/_pros-cons.html,yes
src/html/articles/detail.html,html,include,../../partial/features/articles/_quiz.html,src/partial/features/articles/_quiz.html,yes
src/html/articles/detail.html,html,include,../../partial/features/articles/_related-products.html,src/partial/features/articles/_related-products.html,yes
src/html/articles/detail.html,html,include,../../partial/layouts/_footer.html,src/partial/layouts/_footer.html,yes
src/html/articles/detail.html,html,include,../../partial/layouts/_head.html,src/partial/layouts/_head.html,yes
src/html/articles/detail.html,html,include,../../partial/layouts/_header.html,src/partial/layouts/_header.html,yes
src/html/articles/detail.html,html,include,../../partial/layouts/_js.html,src/partial/layouts/_js.html,yes
src/html/articles/detail.html,html,include,../../partial/shared/components/_ad-300-600.html,src/partial/shared/components/_ad-300-600.html,yes
src/html/articles/detail.html,html,include,../../partial/shared/components/_ad-970-90.html,src/partial/shared/components/_ad-970-90.html,yes
src/html/articles/detail.html,html,include,../../partial/shared/components/_ad-970.html,src/partial/shared/components/_ad-970.html,yes
src/html/articles/detail.html,html,include,../../partial/shared/components/_breadcrumb.html,src/partial/shared/components/_breadcrumb.html,yes
src/html/articles/detail.html,html,include,../../partial/shared/components/_fb-sdk.html,src/partial/shared/components/_fb-sdk.html,yes
src/html/articles/detail.html,html,include,../../partial/shared/components/_nav-main.html,src/partial/shared/components/_nav-main.html,yes
src/html/articles/detail.html,html,include,../../partial/shared/components/_nav-top.html,src/partial/shared/components/_nav-top.html,yes
src/html/articles/detail.html,html,include,../../partial/shared/components/_popover-share.html,src/partial/shared/components/_popover-share.html,yes
src/html/articles/detail.html,html,include,../../partial/shared/components/_popup-message.html,src/partial/shared/components/_popup-message.html,yes
src/html/articles/detail.html,html,include,../../partial/shared/modals/_login.html,src/partial/shared/modals/_login.html,yes
src/html/articles/index.html,html,include,../../partial/layouts/_footer.html,src/partial/layouts/_footer.html,yes
src/html/articles/index.html,html,include,../../partial/layouts/_head.html,src/partial/layouts/_head.html,yes
src/html/articles/index.html,html,include,../../partial/layouts/_header.html,src/partial/layouts/_header.html,yes
src/html/articles/index.html,html,include,../../partial/layouts/_js.html,src/partial/layouts/_js.html,yes
src/html/articles/index.html,html,include,../../partial/shared/components/_ad-970.html,src/partial/shared/components/_ad-970.html,yes
src/html/articles/index.html,html,include,../../partial/shared/components/_breadcrumb.html,src/partial/shared/components/_breadcrumb.html,yes
src/html/articles/index.html,html,include,../../partial/shared/components/_nav-main.html,src/partial/shared/components/_nav-main.html,yes
src/html/articles/index.html,html,include,../../partial/shared/components/_nav-top.html,src/partial/shared/components/_nav-top.html,yes
src/html/articles/list.html,html,include,../../partial/features/articles/_infinite-scroll-last.html,src/partial/features/articles/_infinite-scroll-last.html,yes
src/html/articles/list.html,html,include,../../partial/layouts/_footer.html,src/partial/layouts/_footer.html,yes
src/html/articles/list.html,html,include,../../partial/layouts/_head.html,src/partial/layouts/_head.html,yes
src/html/articles/list.html,html,include,../../partial/layouts/_header.html,src/partial/layouts/_header.html,yes
src/html/articles/list.html,html,include,../../partial/layouts/_js.html,src/partial/layouts/_js.html,yes
src/html/articles/list.html,html,include,../../partial/shared/components/_ad-300-600.html,src/partial/shared/components/_ad-300-600.html,yes
src/html/articles/list.html,html,include,../../partial/shared/components/_ad-970.html,src/partial/shared/components/_ad-970.html,yes
src/html/articles/list.html,html,include,../../partial/shared/components/_breadcrumb.html,src/partial/shared/components/_breadcrumb.html,yes
src/html/articles/list.html,html,include,../../partial/shared/components/_nav-main.html,src/partial/shared/components/_nav-main.html,yes
src/html/articles/list.html,html,include,../../partial/shared/components/_nav-top.html,src/partial/shared/components/_nav-top.html,yes
src/html/articles/tags.html,html,include,../../partial/features/articles/_infinite-scroll-last.html,src/partial/features/articles/_infinite-scroll-last.html,yes
src/html/articles/tags.html,html,include,../../partial/layouts/_footer.html,src/partial/layouts/_footer.html,yes
src/html/articles/tags.html,html,include,../../partial/layouts/_head.html,src/partial/layouts/_head.html,yes
src/html/articles/tags.html,html,include,../../partial/layouts/_header.html,src/partial/layouts/_header.html,yes
src/html/articles/tags.html,html,include,../../partial/layouts/_js.html,src/partial/layouts/_js.html,yes
src/html/articles/tags.html,html,include,../../partial/shared/components/_ad-300-600.html,src/partial/shared/components/_ad-300-600.html,yes
src/html/articles/tags.html,html,include,../../partial/shared/components/_ad-970.html,src/partial/shared/components/_ad-970.html,yes
src/html/articles/tags.html,html,include,../../partial/shared/components/_breadcrumb.html,src/partial/shared/components/_breadcrumb.html,yes
src/html/articles/tags.html,html,include,../../partial/shared/components/_nav-main.html,src/partial/shared/components/_nav-main.html,yes
src/html/articles/tags.html,html,include,../../partial/shared/components/_nav-top.html,src/partial/shared/components/_nav-top.html,yes
src/html/articles/tags2.html,html,include,../../partial/features/articles/_infinite-scroll-last.html,src/partial/features/articles/_infinite-scroll-last.html,yes
src/html/articles/tags2.html,html,include,../../partial/layouts/_footer.html,src/partial/layouts/_footer.html,yes
src/html/articles/tags2.html,html,include,../../partial/layouts/_head.html,src/partial/layouts/_head.html,yes
src/html/articles/tags2.html,html,include,../../partial/layouts/_header.html,src/partial/layouts/_header.html,yes
src/html/articles/tags2.html,html,include,../../partial/layouts/_js.html,src/partial/layouts/_js.html,yes
src/html/articles/tags2.html,html,include,../../partial/shared/components/_ad-300-600.html,src/partial/shared/components/_ad-300-600.html,yes
src/html/articles/tags2.html,html,include,../../partial/shared/components/_ad-970.html,src/partial/shared/components/_ad-970.html,yes
src/html/articles/tags2.html,html,include,../../partial/shared/components/_breadcrumb.html,src/partial/shared/components/_breadcrumb.html,yes
src/html/articles/tags2.html,html,include,../../partial/shared/components/_nav-main.html,src/partial/shared/components/_nav-main.html,yes
src/html/articles/tags2.html,html,include,../../partial/shared/components/_nav-top.html,src/partial/shared/components/_nav-top.html,yes
src/html/common/503.html,html,include,../../partial/features/pk/_js-single.html,src/partial/features/pk/_js-single.html,yes
src/html/common/503.html,html,include,../../partial/layouts/_footer.html,src/partial/layouts/_footer.html,yes
src/html/common/503.html,html,include,../../partial/layouts/_head.html,src/partial/layouts/_head.html,yes
src/html/common/503.html,html,include,../../partial/layouts/_header.html,src/partial/layouts/_header.html,yes
src/html/common/503.html,html,include,../../partial/layouts/_js.html,src/partial/layouts/_js.html,yes
src/html/common/503.html,html,include,../../partial/shared/components/_ad-970.html,src/partial/shared/components/_ad-970.html,yes
src/html/common/503.html,html,include,../../partial/shared/components/_nav-main.html,src/partial/shared/components/_nav-main.html,yes
src/html/common/503.html,html,include,../../partial/shared/components/_nav-top.html,src/partial/shared/components/_nav-top.html,yes
src/html/common/503.html,html,include,../../partial/shared/modals/_pk-type.html,src/partial/shared/modals/_pk-type.html,yes
src/html/common/announcement.html,html,include,../../partial/features/pk/_js-single.html,src/partial/features/pk/_js-single.html,yes
src/html/common/announcement.html,html,include,../../partial/layouts/_footer.html,src/partial/layouts/_footer.html,yes
src/html/common/announcement.html,html,include,../../partial/layouts/_head.html,src/partial/layouts/_head.html,yes
src/html/common/announcement.html,html,include,../../partial/layouts/_header.html,src/partial/layouts/_header.html,yes
src/html/common/announcement.html,html,include,../../partial/layouts/_js.html,src/partial/layouts/_js.html,yes
src/html/common/announcement.html,html,include,../../partial/shared/components/_nav-main.html,src/partial/shared/components/_nav-main.html,yes
src/html/common/announcement.html,html,include,../../partial/shared/components/_nav-top.html,src/partial/shared/components/_nav-top.html,yes
src/html/common/announcement.html,html,include,../../partial/shared/modals/_pk-type.html,src/partial/shared/modals/_pk-type.html,yes
src/html/common/pk-seo.html,html,include,../../partial/features/pk/_js-single.html,src/partial/features/pk/_js-single.html,yes
src/html/common/pk-seo.html,html,include,../../partial/layouts/_footer.html,src/partial/layouts/_footer.html,yes
src/html/common/pk-seo.html,html,include,../../partial/layouts/_head.html,src/partial/layouts/_head.html,yes
src/html/common/pk-seo.html,html,include,../../partial/layouts/_header.html,src/partial/layouts/_header.html,yes
src/html/common/pk-seo.html,html,include,../../partial/layouts/_js.html,src/partial/layouts/_js.html,yes
src/html/common/pk-seo.html,html,include,../../partial/shared/components/_ad-970.html,src/partial/shared/components/_ad-970.html,yes
src/html/common/pk-seo.html,html,include,../../partial/shared/components/_nav-main.html,src/partial/shared/components/_nav-main.html,yes
src/html/common/pk-seo.html,html,include,../../partial/shared/components/_nav-top.html,src/partial/shared/components/_nav-top.html,yes
src/html/common/pk-seo.html,html,include,../../partial/shared/modals/_pk-type.html,src/partial/shared/modals/_pk-type.html,yes
src/html/common/pk-seo.html,html,include,../../partial/shared/ui/_ad-336-280-item.html,src/partial/shared/ui/_ad-336-280-item.html,yes
src/html/common/pk.html,html,include,../../partial/features/pk/_js-single.html,src/partial/features/pk/_js-single.html,yes
src/html/common/pk.html,html,include,../../partial/features/pk/_tbody-collapse.html,src/partial/features/pk/_tbody-collapse.html,yes
src/html/common/pk.html,html,include,../../partial/features/pk/_tbody-collapse.html,src/partial/features/pk/_tbody-collapse.html,yes
src/html/common/pk.html,html,include,../../partial/features/pk/_thead.html,src/partial/features/pk/_thead.html,yes
src/html/common/pk.html,html,include,../../partial/features/pk/_thead.html,src/partial/features/pk/_thead.html,yes
src/html/common/pk.html,html,include,../../partial/features/pk/unit/_btn-remove.html,src/partial/features/pk/unit/_btn-remove.html,yes
src/html/common/pk.html,html,include,../../partial/features/pk/unit/_tbody-tr.html,src/partial/features/pk/unit/_tbody-tr.html,yes
src/html/common/pk.html,html,include,../../partial/features/pk/unit/_tbody-tr.html,src/partial/features/pk/unit/_tbody-tr.html,yes
src/html/common/pk.html,html,include,../../partial/features/pk/unit/_tbody-tr.html,src/partial/features/pk/unit/_tbody-tr.html,yes
src/html/common/pk.html,html,include,../../partial/features/pk/unit/_tbody-tr.html,src/partial/features/pk/unit/_tbody-tr.html,yes
src/html/common/pk.html,html,include,../../partial/features/pk/unit/_tbody-tr.html,src/partial/features/pk/unit/_tbody-tr.html,yes
src/html/common/pk.html,html,include,../../partial/features/pk/unit/_tbody-tr.html,src/partial/features/pk/unit/_tbody-tr.html,yes
src/html/common/pk.html,html,include,../../partial/features/pk/unit/_tbody-tr.html,src/partial/features/pk/unit/_tbody-tr.html,yes
src/html/common/pk.html,html,include,../../partial/features/pk/unit/_tbody-tr.html,src/partial/features/pk/unit/_tbody-tr.html,yes
src/html/common/pk.html,html,include,../../partial/features/pk/unit/_tbody-tr.html,src/partial/features/pk/unit/_tbody-tr.html,yes
src/html/common/pk.html,html,include,../../partial/features/pk/unit/_tbody-tr.html,src/partial/features/pk/unit/_tbody-tr.html,yes
src/html/common/pk.html,html,include,../../partial/features/pk/unit/_tbody-tr.html,src/partial/features/pk/unit/_tbody-tr.html,yes
src/html/common/pk.html,html,include,../../partial/layouts/_footer.html,src/partial/layouts/_footer.html,yes
src/html/common/pk.html,html,include,../../partial/layouts/_head.html,src/partial/layouts/_head.html,yes
src/html/common/pk.html,html,include,../../partial/layouts/_header.html,src/partial/layouts/_header.html,yes
src/html/common/pk.html,html,include,../../partial/layouts/_js.html,src/partial/layouts/_js.html,yes
src/html/common/pk.html,html,include,../../partial/shared/components/_ad-970.html,src/partial/shared/components/_ad-970.html,yes
src/html/common/pk.html,html,include,../../partial/shared/components/_nav-main.html,src/partial/shared/components/_nav-main.html,yes
src/html/common/pk.html,html,include,../../partial/shared/components/_nav-top.html,src/partial/shared/components/_nav-top.html,yes
src/html/common/pk.html,html,include,../../partial/shared/modals/_pk-type.html,src/partial/shared/modals/_pk-type.html,yes
src/html/common/pk.html,html,include,../../partial/shared/ui/_ad-336-280-item.html,src/partial/shared/ui/_ad-336-280-item.html,yes
src/html/common/search-advanced.html,html,include,../../partial/layouts/_footer.html,src/partial/layouts/_footer.html,yes
src/html/common/search-advanced.html,html,include,../../partial/layouts/_head.html,src/partial/layouts/_head.html,yes
src/html/common/search-advanced.html,html,include,../../partial/layouts/_header.html,src/partial/layouts/_header.html,yes
src/html/common/search-advanced.html,html,include,../../partial/layouts/_js.html,src/partial/layouts/_js.html,yes
src/html/common/search-advanced.html,html,include,../../partial/shared/components/_ad-970.html,src/partial/shared/components/_ad-970.html,yes
src/html/common/search-advanced.html,html,include,../../partial/shared/components/_breadcrumb.html,src/partial/shared/components/_breadcrumb.html,yes
src/html/common/search-advanced.html,html,include,../../partial/shared/components/_nav-main.html,src/partial/shared/components/_nav-main.html,yes
src/html/common/search-advanced.html,html,include,../../partial/shared/components/_nav-top.html,src/partial/shared/components/_nav-top.html,yes
src/html/common/search-advanced.html,html,include,../../partial/shared/modals/_quickview.html,src/partial/shared/modals/_quickview.html,yes
src/html/common/search-advanced.html,html,include,../../partial/shared/sections/_products-list.html,src/partial/shared/sections/_products-list.html,yes
src/html/common/search-result.html,html,include,../../partial/layouts/_footer.html,src/partial/layouts/_footer.html,yes
src/html/common/search-result.html,html,include,../../partial/layouts/_head.html,src/partial/layouts/_head.html,yes
src/html/common/search-result.html,html,include,../../partial/layouts/_header.html,src/partial/layouts/_header.html,yes
src/html/common/search-result.html,html,include,../../partial/layouts/_js.html,src/partial/layouts/_js.html,yes
src/html/common/search-result.html,html,include,../../partial/shared/components/_ad-970.html,src/partial/shared/components/_ad-970.html,yes
src/html/common/search-result.html,html,include,../../partial/shared/components/_breadcrumb.html,src/partial/shared/components/_breadcrumb.html,yes
src/html/common/search-result.html,html,include,../../partial/shared/components/_nav-main.html,src/partial/shared/components/_nav-main.html,yes
src/html/common/search-result.html,html,include,../../partial/shared/components/_nav-top.html,src/partial/shared/components/_nav-top.html,yes
src/html/common/search-result.html,html,include,../../partial/shared/modals/_quickview.html,src/partial/shared/modals/_quickview.html,yes
src/html/common/search-result.html,html,include,../../partial/shared/sections/_products-list.html,src/partial/shared/sections/_products-list.html,yes
src/html/forum/detail.html,html,include,../../partial/layouts/_footer.html,src/partial/layouts/_footer.html,yes
src/html/forum/detail.html,html,include,../../partial/layouts/_head.html,src/partial/layouts/_head.html,yes
src/html/forum/detail.html,html,include,../../partial/layouts/_header.html,src/partial/layouts/_header.html,yes
src/html/forum/detail.html,html,include,../../partial/layouts/_js.html,src/partial/layouts/_js.html,yes
src/html/forum/detail.html,html,include,../../partial/shared/components/_fb-sdk.html,src/partial/shared/components/_fb-sdk.html,yes
src/html/forum/detail.html,html,include,../../partial/shared/components/_nav-main.html,src/partial/shared/components/_nav-main.html,yes
src/html/forum/detail.html,html,include,../../partial/shared/components/_nav-top.html,src/partial/shared/components/_nav-top.html,yes
src/html/forum/detail.html,html,include,../../partial/shared/modals/_mge-best.html,src/partial/shared/modals/_mge-best.html,yes
src/html/forum/detail.html,html,include,../../partial/shared/modals/_mge-public.html,src/partial/shared/modals/_mge-public.html,yes
src/html/forum/detail.html,html,include,../../partial/shared/modals/_mge-tag.html,src/partial/shared/modals/_mge-tag.html,yes
src/html/index.html,html,include,../partial/features/index/_event.html,src/partial/features/index/_event.html,yes
src/html/index.html,html,include,../partial/features/index/_guide1.html,src/partial/features/index/_guide1.html,yes
src/html/index.html,html,include,../partial/features/index/_guide1.html,src/partial/features/index/_guide1.html,yes
src/html/index.html,html,include,../partial/features/index/_guide2.html,src/partial/features/index/_guide2.html,yes
src/html/index.html,html,include,../partial/features/index/_guide2.html,src/partial/features/index/_guide2.html,yes
src/html/index.html,html,include,../partial/features/index/_guide2.html,src/partial/features/index/_guide2.html,yes
src/html/index.html,html,include,../partial/features/index/_headlines.html,src/partial/features/index/_headlines.html,yes
src/html/index.html,html,include,../partial/features/index/_newsgroup.html,src/partial/features/index/_newsgroup.html,yes
src/html/index.html,html,include,../partial/features/index/_product-new-hot.html,src/partial/features/index/_product-new-hot.html,yes
src/html/index.html,html,include,../partial/features/index/_product-new-hot.html,src/partial/features/index/_product-new-hot.html,yes
src/html/index.html,html,include,../partial/features/index/_product-recommend.html,src/partial/features/index/_product-recommend.html,yes
src/html/index.html,html,include,../partial/features/index/_product-release.html,src/partial/features/index/_product-release.html,yes
src/html/index.html,html,include,../partial/features/index/_sale-rank.html,src/partial/features/index/_sale-rank.html,yes
src/html/index.html,html,include,../partial/features/index/_social.html,src/partial/features/index/_social.html,yes
src/html/index.html,html,include,../partial/features/index/_store-new.html,src/partial/features/index/_store-new.html,yes
src/html/index.html,html,include,../partial/features/index/_topic.html,src/partial/features/index/_topic.html,yes
src/html/index.html,html,include,../partial/layouts/_footer.html,src/partial/layouts/_footer.html,yes
src/html/index.html,html,include,../partial/layouts/_head.html,src/partial/layouts/_head.html,yes
src/html/index.html,html,include,../partial/layouts/_header.html,src/partial/layouts/_header.html,yes
src/html/index.html,html,include,../partial/layouts/_js.html,src/partial/layouts/_js.html,yes
src/html/index.html,html,include,../partial/shared/components/_ad-970.html,src/partial/shared/components/_ad-970.html,yes
src/html/index.html,html,include,../partial/shared/components/_ad-970.html,src/partial/shared/components/_ad-970.html,yes
src/html/index.html,html,include,../partial/shared/components/_ad-970.html,src/partial/shared/components/_ad-970.html,yes
src/html/index.html,html,include,../partial/shared/components/_ad-970.html,src/partial/shared/components/_ad-970.html,yes
src/html/index.html,html,include,../partial/shared/components/_nav-main.html,src/partial/shared/components/_nav-main.html,yes
src/html/index.html,html,include,../partial/shared/components/_nav-top.html,src/partial/shared/components/_nav-top.html,yes
src/html/index.html,html,include,../partial/shared/modals/_func.html,src/partial/shared/modals/_func.html,yes
src/html/index.html,html,include,../partial/shared/modals/_quickview.html,src/partial/shared/modals/_quickview.html,yes
src/html/index.html,html,include,../partial/shared/sections/_article-4col.html,src/partial/shared/sections/_article-4col.html,yes
src/html/index.html,html,include,../partial/shared/sections/_compare-series.html,src/partial/shared/sections/_compare-series.html,yes
src/html/index.html,html,include,../partial/shared/sections/_product-price.html,src/partial/shared/sections/_product-price.html,yes
src/html/index.html,html,include,../partial/shared/sections/_products-row-hs.html,src/partial/shared/sections/_products-row-hs.html,yes
src/html/index.html,html,include,../partial/shared/sections/_products-row-hs.html,src/partial/shared/sections/_products-row-hs.html,yes
src/html/member-old/draft.html,html,include,../../partial/layouts/_footer.html,src/partial/layouts/_footer.html,yes
src/html/member-old/draft.html,html,include,../../partial/layouts/_head.html,src/partial/layouts/_head.html,yes
src/html/member-old/draft.html,html,include,../../partial/layouts/_header.html,src/partial/layouts/_header.html,yes
src/html/member-old/draft.html,html,include,../../partial/layouts/_js.html,src/partial/layouts/_js.html,yes
src/html/member-old/draft.html,html,include,../../partial/shared/components/_ad-970.html,src/partial/shared/components/_ad-970.html,yes
src/html/member-old/draft.html,html,include,../../partial/shared/components/_breadcrumb.html,src/partial/shared/components/_breadcrumb.html,yes
src/html/member-old/draft.html,html,include,../../partial/shared/components/_nav-main.html,src/partial/shared/components/_nav-main.html,yes
src/html/member-old/draft.html,html,include,../../partial/shared/components/_nav-top.html,src/partial/shared/components/_nav-top.html,yes
src/html/member-old/draft.html,html,include,../../partial/shared/modals/_quickview.html,src/partial/shared/modals/_quickview.html,yes
src/html/member-old/favorite.html,html,include,../../partial/layouts/_footer.html,src/partial/layouts/_footer.html,yes
src/html/member-old/favorite.html,html,include,../../partial/layouts/_head.html,src/partial/layouts/_head.html,yes
src/html/member-old/favorite.html,html,include,../../partial/layouts/_header.html,src/partial/layouts/_header.html,yes
src/html/member-old/favorite.html,html,include,../../partial/layouts/_js.html,src/partial/layouts/_js.html,yes
src/html/member-old/favorite.html,html,include,../../partial/shared/components/_ad-970.html,src/partial/shared/components/_ad-970.html,yes
src/html/member-old/favorite.html,html,include,../../partial/shared/components/_breadcrumb.html,src/partial/shared/components/_breadcrumb.html,yes
src/html/member-old/favorite.html,html,include,../../partial/shared/components/_nav-main.html,src/partial/shared/components/_nav-main.html,yes
src/html/member-old/favorite.html,html,include,../../partial/shared/components/_nav-top.html,src/partial/shared/components/_nav-top.html,yes
src/html/member-old/favorite.html,html,include,../../partial/shared/modals/_quickview.html,src/partial/shared/modals/_quickview.html,yes
src/html/member-old/login.html,html,include,../../partial/layouts/_footer.html,src/partial/layouts/_footer.html,yes
src/html/member-old/login.html,html,include,../../partial/layouts/_head.html,src/partial/layouts/_head.html,yes
src/html/member-old/login.html,html,include,../../partial/layouts/_header.html,src/partial/layouts/_header.html,yes
src/html/member-old/login.html,html,include,../../partial/layouts/_js.html,src/partial/layouts/_js.html,yes
src/html/member-old/login.html,html,include,../../partial/shared/components/_ad-970.html,src/partial/shared/components/_ad-970.html,yes
src/html/member-old/login.html,html,include,../../partial/shared/components/_breadcrumb.html,src/partial/shared/components/_breadcrumb.html,yes
src/html/member-old/login.html,html,include,../../partial/shared/components/_nav-main.html,src/partial/shared/components/_nav-main.html,yes
src/html/member-old/login.html,html,include,../../partial/shared/components/_nav-top.html,src/partial/shared/components/_nav-top.html,yes
src/html/member-old/login.html,html,include,../../partial/shared/modals/_quickview.html,src/partial/shared/modals/_quickview.html,yes
src/html/member-old/message.html,html,include,../../partial/layouts/_footer.html,src/partial/layouts/_footer.html,yes
src/html/member-old/message.html,html,include,../../partial/layouts/_head.html,src/partial/layouts/_head.html,yes
src/html/member-old/message.html,html,include,../../partial/layouts/_header.html,src/partial/layouts/_header.html,yes
src/html/member-old/message.html,html,include,../../partial/layouts/_js.html,src/partial/layouts/_js.html,yes
src/html/member-old/message.html,html,include,../../partial/shared/components/_ad-970.html,src/partial/shared/components/_ad-970.html,yes
src/html/member-old/message.html,html,include,../../partial/shared/components/_breadcrumb.html,src/partial/shared/components/_breadcrumb.html,yes
src/html/member-old/message.html,html,include,../../partial/shared/components/_nav-main.html,src/partial/shared/components/_nav-main.html,yes
src/html/member-old/message.html,html,include,../../partial/shared/components/_nav-top.html,src/partial/shared/components/_nav-top.html,yes
src/html/member-old/message.html,html,include,../../partial/shared/modals/_quickview.html,src/partial/shared/modals/_quickview.html,yes
src/html/member-old/password-reset.html,html,include,../../partial/layouts/_footer.html,src/partial/layouts/_footer.html,yes
src/html/member-old/password-reset.html,html,include,../../partial/layouts/_head.html,src/partial/layouts/_head.html,yes
src/html/member-old/password-reset.html,html,include,../../partial/layouts/_header.html,src/partial/layouts/_header.html,yes
src/html/member-old/password-reset.html,html,include,../../partial/layouts/_js.html,src/partial/layouts/_js.html,yes
src/html/member-old/password-reset.html,html,include,../../partial/shared/components/_ad-970.html,src/partial/shared/components/_ad-970.html,yes
src/html/member-old/password-reset.html,html,include,../../partial/shared/components/_breadcrumb.html,src/partial/shared/components/_breadcrumb.html,yes
src/html/member-old/password-reset.html,html,include,../../partial/shared/components/_nav-main.html,src/partial/shared/components/_nav-main.html,yes
src/html/member-old/password-reset.html,html,include,../../partial/shared/components/_nav-top.html,src/partial/shared/components/_nav-top.html,yes
src/html/member-old/password-reset.html,html,include,../../partial/shared/modals/_quickview.html,src/partial/shared/modals/_quickview.html,yes
src/html/member-old/password.html,html,include,../../partial/layouts/_footer.html,src/partial/layouts/_footer.html,yes
src/html/member-old/password.html,html,include,../../partial/layouts/_head.html,src/partial/layouts/_head.html,yes
src/html/member-old/password.html,html,include,../../partial/layouts/_header.html,src/partial/layouts/_header.html,yes
src/html/member-old/password.html,html,include,../../partial/shared/components/_ad-970.html,src/partial/shared/components/_ad-970.html,yes
src/html/member-old/password.html,html,include,../../partial/shared/components/_breadcrumb.html,src/partial/shared/components/_breadcrumb.html,yes
src/html/member-old/password.html,html,include,../../partial/shared/components/_nav-main.html,src/partial/shared/components/_nav-main.html,yes
src/html/member-old/password.html,html,include,../../partial/shared/components/_nav-top.html,src/partial/shared/components/_nav-top.html,yes
src/html/member-old/password.html,html,include,../../partial/shared/modals/_quickview.html,src/partial/shared/modals/_quickview.html,yes
src/html/member-old/password.html,html,include,../../partial/shared/modals/_toast.html,src/partial/shared/modals/_toast.html,yes
src/html/member-old/profiles.html,html,include,../../partial/layouts/_footer.html,src/partial/layouts/_footer.html,yes
src/html/member-old/profiles.html,html,include,../../partial/layouts/_head.html,src/partial/layouts/_head.html,yes
src/html/member-old/profiles.html,html,include,../../partial/layouts/_header.html,src/partial/layouts/_header.html,yes
src/html/member-old/profiles.html,html,include,../../partial/layouts/_js.html,src/partial/layouts/_js.html,yes
src/html/member-old/profiles.html,html,include,../../partial/shared/components/_ad-970.html,src/partial/shared/components/_ad-970.html,yes
src/html/member-old/profiles.html,html,include,../../partial/shared/components/_breadcrumb.html,src/partial/shared/components/_breadcrumb.html,yes
src/html/member-old/profiles.html,html,include,../../partial/shared/components/_nav-main.html,src/partial/shared/components/_nav-main.html,yes
src/html/member-old/profiles.html,html,include,../../partial/shared/components/_nav-top.html,src/partial/shared/components/_nav-top.html,yes
src/html/member-old/profiles.html,html,include,../../partial/shared/modals/_quickview.html,src/partial/shared/modals/_quickview.html,yes
src/html/member-old/record.html,html,include,../../partial/layouts/_footer.html,src/partial/layouts/_footer.html,yes
src/html/member-old/record.html,html,include,../../partial/layouts/_head.html,src/partial/layouts/_head.html,yes
src/html/member-old/record.html,html,include,../../partial/layouts/_header.html,src/partial/layouts/_header.html,yes
src/html/member-old/record.html,html,include,../../partial/layouts/_js.html,src/partial/layouts/_js.html,yes
src/html/member-old/record.html,html,include,../../partial/shared/components/_ad-970.html,src/partial/shared/components/_ad-970.html,yes
src/html/member-old/record.html,html,include,../../partial/shared/components/_breadcrumb.html,src/partial/shared/components/_breadcrumb.html,yes
src/html/member-old/record.html,html,include,../../partial/shared/components/_nav-main.html,src/partial/shared/components/_nav-main.html,yes
src/html/member-old/record.html,html,include,../../partial/shared/components/_nav-top.html,src/partial/shared/components/_nav-top.html,yes
src/html/member-old/record.html,html,include,../../partial/shared/modals/_quickview.html,src/partial/shared/modals/_quickview.html,yes
src/html/member-old/register-sucess.html,html,include,../../partial/layouts/_footer.html,src/partial/layouts/_footer.html,yes
src/html/member-old/register-sucess.html,html,include,../../partial/layouts/_head.html,src/partial/layouts/_head.html,yes
src/html/member-old/register-sucess.html,html,include,../../partial/layouts/_header.html,src/partial/layouts/_header.html,yes
src/html/member-old/register-sucess.html,html,include,../../partial/layouts/_js.html,src/partial/layouts/_js.html,yes
src/html/member-old/register-sucess.html,html,include,../../partial/shared/components/_ad-970.html,src/partial/shared/components/_ad-970.html,yes
src/html/member-old/register-sucess.html,html,include,../../partial/shared/components/_breadcrumb.html,src/partial/shared/components/_breadcrumb.html,yes
src/html/member-old/register-sucess.html,html,include,../../partial/shared/components/_nav-main.html,src/partial/shared/components/_nav-main.html,yes
src/html/member-old/register-sucess.html,html,include,../../partial/shared/components/_nav-top.html,src/partial/shared/components/_nav-top.html,yes
src/html/member-old/register-sucess.html,html,include,../../partial/shared/modals/_quickview.html,src/partial/shared/modals/_quickview.html,yes
src/html/member-old/signup.html,html,include,../../partial/layouts/_footer.html,src/partial/layouts/_footer.html,yes
src/html/member-old/signup.html,html,include,../../partial/layouts/_head.html,src/partial/layouts/_head.html,yes
src/html/member-old/signup.html,html,include,../../partial/layouts/_header.html,src/partial/layouts/_header.html,yes
src/html/member-old/signup.html,html,include,../../partial/layouts/_js.html,src/partial/layouts/_js.html,yes
src/html/member-old/signup.html,html,include,../../partial/shared/components/_ad-970.html,src/partial/shared/components/_ad-970.html,yes
src/html/member-old/signup.html,html,include,../../partial/shared/components/_breadcrumb.html,src/partial/shared/components/_breadcrumb.html,yes
src/html/member-old/signup.html,html,include,../../partial/shared/components/_nav-main.html,src/partial/shared/components/_nav-main.html,yes
src/html/member-old/signup.html,html,include,../../partial/shared/components/_nav-top.html,src/partial/shared/components/_nav-top.html,yes
src/html/member-old/signup.html,html,include,../../partial/shared/modals/_quickview.html,src/partial/shared/modals/_quickview.html,yes
src/html/member/login.html,html,include,../../partial/features/member/unit/_form-group-phone-number.html,src/partial/features/member/unit/_form-group-phone-number.html,yes
src/html/member/login.html,html,include,../../partial/features/member/unit/_modal-header.html,src/partial/features/member/unit/_modal-header.html,yes
src/html/member/login.html,html,include,../../partial/layouts/_footer.html,src/partial/layouts/_footer.html,yes
src/html/member/login.html,html,include,../../partial/layouts/_head.html,src/partial/layouts/_head.html,yes
src/html/member/login.html,html,include,../../partial/layouts/_header.html,src/partial/layouts/_header.html,yes
src/html/member/login.html,html,include,../../partial/layouts/_js.html,src/partial/layouts/_js.html,yes
src/html/member/login.html,html,include,../../partial/shared/components/_breadcrumb.html,src/partial/shared/components/_breadcrumb.html,yes
src/html/member/login.html,html,include,../../partial/shared/components/_nav-main.html,src/partial/shared/components/_nav-main.html,yes
src/html/member/login.html,html,include,../../partial/shared/components/_nav-top.html,src/partial/shared/components/_nav-top.html,yes
src/html/member/login.html,html,include,../../partial/shared/modals/_quickview.html,src/partial/shared/modals/_quickview.html,yes
src/html/member/login.html,html,include,../../partial/shared/modals/_toast.html,src/partial/shared/modals/_toast.html,yes
src/html/member/pw-otp.html,html,include,../../partial/features/member/_form-otp-resend.html,src/partial/features/member/_form-otp-resend.html,yes
src/html/member/pw-otp.html,html,include,../../partial/features/member/_js-single.html,src/partial/features/member/_js-single.html,yes
src/html/member/pw-otp.html,html,include,../../partial/features/member/unit/_modal-header.html,src/partial/features/member/unit/_modal-header.html,yes
src/html/member/pw-otp.html,html,include,../../partial/layouts/_footer.html,src/partial/layouts/_footer.html,yes
src/html/member/pw-otp.html,html,include,../../partial/layouts/_head.html,src/partial/layouts/_head.html,yes
src/html/member/pw-otp.html,html,include,../../partial/layouts/_header.html,src/partial/layouts/_header.html,yes
src/html/member/pw-otp.html,html,include,../../partial/layouts/_js.html,src/partial/layouts/_js.html,yes
src/html/member/pw-otp.html,html,include,../../partial/shared/components/_breadcrumb.html,src/partial/shared/components/_breadcrumb.html,yes
src/html/member/pw-otp.html,html,include,../../partial/shared/components/_nav-main.html,src/partial/shared/components/_nav-main.html,yes
src/html/member/pw-otp.html,html,include,../../partial/shared/components/_nav-top.html,src/partial/shared/components/_nav-top.html,yes
src/html/member/pw-otp.html,html,include,../../partial/shared/modals/_quickview.html,src/partial/shared/modals/_quickview.html,yes
src/html/member/pw-otp.html,html,include,../../partial/shared/modals/_toast.html,src/partial/shared/modals/_toast.html,yes
src/html/member/pw-reset.html,html,include,../../partial/features/member/_form-pw.html,src/partial/features/member/_form-pw.html,yes
src/html/member/pw-reset.html,html,include,../../partial/features/member/unit/_modal-header.html,src/partial/features/member/unit/_modal-header.html,yes
src/html/member/pw-reset.html,html,include,../../partial/layouts/_footer.html,src/partial/layouts/_footer.html,yes
src/html/member/pw-reset.html,html,include,../../partial/layouts/_head.html,src/partial/layouts/_head.html,yes
src/html/member/pw-reset.html,html,include,../../partial/layouts/_header.html,src/partial/layouts/_header.html,yes
src/html/member/pw-reset.html,html,include,../../partial/layouts/_js.html,src/partial/layouts/_js.html,yes
src/html/member/pw-reset.html,html,include,../../partial/shared/components/_breadcrumb.html,src/partial/shared/components/_breadcrumb.html,yes
src/html/member/pw-reset.html,html,include,../../partial/shared/components/_nav-main.html,src/partial/shared/components/_nav-main.html,yes
src/html/member/pw-reset.html,html,include,../../partial/shared/components/_nav-top.html,src/partial/shared/components/_nav-top.html,yes
src/html/member/pw-reset.html,html,include,../../partial/shared/modals/_quickview.html,src/partial/shared/modals/_quickview.html,yes
src/html/member/pw-reset.html,html,include,../../partial/shared/modals/_toast.html,src/partial/shared/modals/_toast.html,yes
src/html/member/regist-done.html,html,include,../../partial/features/member/_step.html,src/partial/features/member/_step.html,yes
src/html/member/regist-done.html,html,include,../../partial/features/member/unit/_form-group-sucess.html,src/partial/features/member/unit/_form-group-sucess.html,yes
src/html/member/regist-done.html,html,include,../../partial/features/member/unit/_modal-header.html,src/partial/features/member/unit/_modal-header.html,yes
src/html/member/regist-done.html,html,include,../../partial/layouts/_footer.html,src/partial/layouts/_footer.html,yes
src/html/member/regist-done.html,html,include,../../partial/layouts/_head.html,src/partial/layouts/_head.html,yes
src/html/member/regist-done.html,html,include,../../partial/layouts/_header.html,src/partial/layouts/_header.html,yes
src/html/member/regist-done.html,html,include,../../partial/layouts/_js.html,src/partial/layouts/_js.html,yes
src/html/member/regist-done.html,html,include,../../partial/shared/components/_breadcrumb.html,src/partial/shared/components/_breadcrumb.html,yes
src/html/member/regist-done.html,html,include,../../partial/shared/components/_nav-main.html,src/partial/shared/components/_nav-main.html,yes
src/html/member/regist-done.html,html,include,../../partial/shared/components/_nav-top.html,src/partial/shared/components/_nav-top.html,yes
src/html/member/regist-done.html,html,include,../../partial/shared/modals/_quickview.html,src/partial/shared/modals/_quickview.html,yes
src/html/member/regist-done.html,html,include,../../partial/shared/modals/_toast.html,src/partial/shared/modals/_toast.html,yes
src/html/member/regist-new-otp-resend.html,html,include,../../partial/features/member/_form-otp-resend.html,src/partial/features/member/_form-otp-resend.html,yes
src/html/member/regist-new-otp-resend.html,html,include,../../partial/features/member/_js-single.html,src/partial/features/member/_js-single.html,yes
src/html/member/regist-new-otp-resend.html,html,include,../../partial/features/member/_step.html,src/partial/features/member/_step.html,yes
src/html/member/regist-new-otp-resend.html,html,include,../../partial/features/member/unit/_modal-header.html,src/partial/features/member/unit/_modal-header.html,yes
src/html/member/regist-new-otp-resend.html,html,include,../../partial/layouts/_footer.html,src/partial/layouts/_footer.html,yes
src/html/member/regist-new-otp-resend.html,html,include,../../partial/layouts/_head.html,src/partial/layouts/_head.html,yes
src/html/member/regist-new-otp-resend.html,html,include,../../partial/layouts/_header.html,src/partial/layouts/_header.html,yes
src/html/member/regist-new-otp-resend.html,html,include,../../partial/layouts/_js.html,src/partial/layouts/_js.html,yes
src/html/member/regist-new-otp-resend.html,html,include,../../partial/shared/components/_breadcrumb.html,src/partial/shared/components/_breadcrumb.html,yes
src/html/member/regist-new-otp-resend.html,html,include,../../partial/shared/components/_nav-main.html,src/partial/shared/components/_nav-main.html,yes
src/html/member/regist-new-otp-resend.html,html,include,../../partial/shared/components/_nav-top.html,src/partial/shared/components/_nav-top.html,yes
src/html/member/regist-new-otp-resend.html,html,include,../../partial/shared/modals/_quickview.html,src/partial/shared/modals/_quickview.html,yes
src/html/member/regist-new-otp-resend.html,html,include,../../partial/shared/modals/_toast.html,src/partial/shared/modals/_toast.html,yes
src/html/member/regist-new-otp.html,html,include,../../partial/features/member/_form-otp.html,src/partial/features/member/_form-otp.html,yes
src/html/member/regist-new-otp.html,html,include,../../partial/features/member/_js-single.html,src/partial/features/member/_js-single.html,yes
src/html/member/regist-new-otp.html,html,include,../../partial/features/member/_step.html,src/partial/features/member/_step.html,yes
src/html/member/regist-new-otp.html,html,include,../../partial/features/member/unit/_modal-header.html,src/partial/features/member/unit/_modal-header.html,yes
src/html/member/regist-new-otp.html,html,include,../../partial/layouts/_footer.html,src/partial/layouts/_footer.html,yes
src/html/member/regist-new-otp.html,html,include,../../partial/layouts/_head.html,src/partial/layouts/_head.html,yes
src/html/member/regist-new-otp.html,html,include,../../partial/layouts/_header.html,src/partial/layouts/_header.html,yes
src/html/member/regist-new-otp.html,html,include,../../partial/layouts/_js.html,src/partial/layouts/_js.html,yes
src/html/member/regist-new-otp.html,html,include,../../partial/shared/components/_breadcrumb.html,src/partial/shared/components/_breadcrumb.html,yes
src/html/member/regist-new-otp.html,html,include,../../partial/shared/components/_nav-main.html,src/partial/shared/components/_nav-main.html,yes
src/html/member/regist-new-otp.html,html,include,../../partial/shared/components/_nav-top.html,src/partial/shared/components/_nav-top.html,yes
src/html/member/regist-new-otp.html,html,include,../../partial/shared/modals/_quickview.html,src/partial/shared/modals/_quickview.html,yes
src/html/member/regist-new-otp.html,html,include,../../partial/shared/modals/_toast.html,src/partial/shared/modals/_toast.html,yes
src/html/member/regist-new-pw.html,html,include,../../partial/features/member/_form-pw.html,src/partial/features/member/_form-pw.html,yes
src/html/member/regist-new-pw.html,html,include,../../partial/features/member/_step.html,src/partial/features/member/_step.html,yes
src/html/member/regist-new-pw.html,html,include,../../partial/features/member/unit/_modal-header.html,src/partial/features/member/unit/_modal-header.html,yes
src/html/member/regist-new-pw.html,html,include,../../partial/layouts/_footer.html,src/partial/layouts/_footer.html,yes
src/html/member/regist-new-pw.html,html,include,../../partial/layouts/_head.html,src/partial/layouts/_head.html,yes
src/html/member/regist-new-pw.html,html,include,../../partial/layouts/_header.html,src/partial/layouts/_header.html,yes
src/html/member/regist-new-pw.html,html,include,../../partial/layouts/_js.html,src/partial/layouts/_js.html,yes
src/html/member/regist-new-pw.html,html,include,../../partial/shared/components/_breadcrumb.html,src/partial/shared/components/_breadcrumb.html,yes
src/html/member/regist-new-pw.html,html,include,../../partial/shared/components/_nav-main.html,src/partial/shared/components/_nav-main.html,yes
src/html/member/regist-new-pw.html,html,include,../../partial/shared/components/_nav-top.html,src/partial/shared/components/_nav-top.html,yes
src/html/member/regist-new-pw.html,html,include,../../partial/shared/modals/_quickview.html,src/partial/shared/modals/_quickview.html,yes
src/html/member/regist-new-pw.html,html,include,../../partial/shared/modals/_toast.html,src/partial/shared/modals/_toast.html,yes
src/html/member/regist-sso-mobile.html,html,include,../../partial/features/member/_step.html,src/partial/features/member/_step.html,yes
src/html/member/regist-sso-mobile.html,html,include,../../partial/features/member/unit/_form-group-sucess.html,src/partial/features/member/unit/_form-group-sucess.html,yes
src/html/member/regist-sso-mobile.html,html,include,../../partial/features/member/unit/_modal-header.html,src/partial/features/member/unit/_modal-header.html,yes
src/html/member/regist-sso-mobile.html,html,include,../../partial/layouts/_footer.html,src/partial/layouts/_footer.html,yes
src/html/member/regist-sso-mobile.html,html,include,../../partial/layouts/_head.html,src/partial/layouts/_head.html,yes
src/html/member/regist-sso-mobile.html,html,include,../../partial/layouts/_header.html,src/partial/layouts/_header.html,yes
src/html/member/regist-sso-mobile.html,html,include,../../partial/layouts/_js.html,src/partial/layouts/_js.html,yes
src/html/member/regist-sso-mobile.html,html,include,../../partial/shared/components/_breadcrumb.html,src/partial/shared/components/_breadcrumb.html,yes
src/html/member/regist-sso-mobile.html,html,include,../../partial/shared/components/_nav-main.html,src/partial/shared/components/_nav-main.html,yes
src/html/member/regist-sso-mobile.html,html,include,../../partial/shared/components/_nav-top.html,src/partial/shared/components/_nav-top.html,yes
src/html/member/regist-sso-mobile.html,html,include,../../partial/shared/modals/_quickview.html,src/partial/shared/modals/_quickview.html,yes
src/html/member/regist-sso-mobile.html,html,include,../../partial/shared/modals/_toast.html,src/partial/shared/modals/_toast.html,yes
src/html/member/regist-sso-otp-resend.html,html,include,../../partial/features/member/_form-otp-resend.html,src/partial/features/member/_form-otp-resend.html,yes
src/html/member/regist-sso-otp-resend.html,html,include,../../partial/features/member/_js-single.html,src/partial/features/member/_js-single.html,yes
src/html/member/regist-sso-otp-resend.html,html,include,../../partial/features/member/_step.html,src/partial/features/member/_step.html,yes
src/html/member/regist-sso-otp-resend.html,html,include,../../partial/features/member/unit/_modal-header.html,src/partial/features/member/unit/_modal-header.html,yes
src/html/member/regist-sso-otp-resend.html,html,include,../../partial/layouts/_footer.html,src/partial/layouts/_footer.html,yes
src/html/member/regist-sso-otp-resend.html,html,include,../../partial/layouts/_head.html,src/partial/layouts/_head.html,yes
src/html/member/regist-sso-otp-resend.html,html,include,../../partial/layouts/_header.html,src/partial/layouts/_header.html,yes
src/html/member/regist-sso-otp-resend.html,html,include,../../partial/layouts/_js.html,src/partial/layouts/_js.html,yes
src/html/member/regist-sso-otp-resend.html,html,include,../../partial/shared/components/_breadcrumb.html,src/partial/shared/components/_breadcrumb.html,yes
src/html/member/regist-sso-otp-resend.html,html,include,../../partial/shared/components/_nav-main.html,src/partial/shared/components/_nav-main.html,yes
src/html/member/regist-sso-otp-resend.html,html,include,../../partial/shared/components/_nav-top.html,src/partial/shared/components/_nav-top.html,yes
src/html/member/regist-sso-otp-resend.html,html,include,../../partial/shared/modals/_quickview.html,src/partial/shared/modals/_quickview.html,yes
src/html/member/regist-sso-otp-resend.html,html,include,../../partial/shared/modals/_toast.html,src/partial/shared/modals/_toast.html,yes
src/html/member/regist-sso-otp.html,html,include,../../partial/features/member/_form-otp.html,src/partial/features/member/_form-otp.html,yes
src/html/member/regist-sso-otp.html,html,include,../../partial/features/member/_js-single.html,src/partial/features/member/_js-single.html,yes
src/html/member/regist-sso-otp.html,html,include,../../partial/features/member/_step.html,src/partial/features/member/_step.html,yes
src/html/member/regist-sso-otp.html,html,include,../../partial/features/member/unit/_modal-header.html,src/partial/features/member/unit/_modal-header.html,yes
src/html/member/regist-sso-otp.html,html,include,../../partial/layouts/_footer.html,src/partial/layouts/_footer.html,yes
src/html/member/regist-sso-otp.html,html,include,../../partial/layouts/_head.html,src/partial/layouts/_head.html,yes
src/html/member/regist-sso-otp.html,html,include,../../partial/layouts/_header.html,src/partial/layouts/_header.html,yes
src/html/member/regist-sso-otp.html,html,include,../../partial/layouts/_js.html,src/partial/layouts/_js.html,yes
src/html/member/regist-sso-otp.html,html,include,../../partial/shared/components/_breadcrumb.html,src/partial/shared/components/_breadcrumb.html,yes
src/html/member/regist-sso-otp.html,html,include,../../partial/shared/components/_nav-main.html,src/partial/shared/components/_nav-main.html,yes
src/html/member/regist-sso-otp.html,html,include,../../partial/shared/components/_nav-top.html,src/partial/shared/components/_nav-top.html,yes
src/html/member/regist-sso-otp.html,html,include,../../partial/shared/modals/_quickview.html,src/partial/shared/modals/_quickview.html,yes
src/html/member/regist-sso-otp.html,html,include,../../partial/shared/modals/_toast.html,src/partial/shared/modals/_toast.html,yes
src/html/member/start.html,html,include,../../partial/features/member/unit/_modal-header.html,src/partial/features/member/unit/_modal-header.html,yes
src/html/member/start.html,html,include,../../partial/layouts/_footer.html,src/partial/layouts/_footer.html,yes
src/html/member/start.html,html,include,../../partial/layouts/_head.html,src/partial/layouts/_head.html,yes
src/html/member/start.html,html,include,../../partial/layouts/_header.html,src/partial/layouts/_header.html,yes
src/html/member/start.html,html,include,../../partial/layouts/_js.html,src/partial/layouts/_js.html,yes
src/html/member/start.html,html,include,../../partial/shared/components/_breadcrumb.html,src/partial/shared/components/_breadcrumb.html,yes
src/html/member/start.html,html,include,../../partial/shared/components/_nav-main.html,src/partial/shared/components/_nav-main.html,yes
src/html/member/start.html,html,include,../../partial/shared/components/_nav-top.html,src/partial/shared/components/_nav-top.html,yes
src/html/member/start.html,html,include,../../partial/shared/modals/_quickview.html,src/partial/shared/modals/_quickview.html,yes
src/html/member/start.html,html,include,../../partial/shared/modals/_toast.html,src/partial/shared/modals/_toast.html,yes
src/html/products/brand-all.html,html,loop,../../partial/features/products/unit/_brand-item.html,src/partial/features/products/unit/_brand-item.html,yes
src/html/products/brand-all.html,html,loop,../../partial/features/products/unit/_brand-item.html,src/partial/features/products/unit/_brand-item.html,yes
src/html/products/brand-all.html,html,include,../../partial/layouts/_footer.html,src/partial/layouts/_footer.html,yes
src/html/products/brand-all.html,html,include,../../partial/layouts/_head.html,src/partial/layouts/_head.html,yes
src/html/products/brand-all.html,html,include,../../partial/layouts/_header.html,src/partial/layouts/_header.html,yes
src/html/products/brand-all.html,html,include,../../partial/layouts/_js.html,src/partial/layouts/_js.html,yes
src/html/products/brand-all.html,html,include,../../partial/shared/components/_ad-970.html,src/partial/shared/components/_ad-970.html,yes
src/html/products/brand-all.html,html,include,../../partial/shared/components/_breadcrumb.html,src/partial/shared/components/_breadcrumb.html,yes
src/html/products/brand-all.html,html,include,../../partial/shared/components/_nav-main.html,src/partial/shared/components/_nav-main.html,yes
src/html/products/brand-all.html,html,include,../../partial/shared/components/_nav-top.html,src/partial/shared/components/_nav-top.html,yes
src/html/products/brand-all.html,html,include,../../partial/shared/ui/_ad-336-280-item.html,src/partial/shared/ui/_ad-336-280-item.html,yes
src/html/products/brand-all.html,html,include,../../partial/shared/ui/_section-title-h3.html,src/partial/shared/ui/_section-title-h3.html,yes
src/html/products/detail.html,html,include,../../partial/features/products/_article-list.html,src/partial/features/products/_article-list.html,yes
src/html/products/detail.html,html,include,../../partial/features/products/_compare-most-viewed.html,src/partial/features/products/_compare-most-viewed.html,yes
src/html/products/detail.html,html,include,../../partial/features/products/_previous.html,src/partial/features/products/_previous.html,yes
src/html/products/detail.html,html,include,../../partial/features/products/_price-trend.html,src/partial/features/products/_price-trend.html,yes
src/html/products/detail.html,html,include,../../partial/features/products/_product-intro.html,src/partial/features/products/_product-intro.html,yes
src/html/products/detail.html,html,include,../../partial/features/products/_product-overview.html,src/partial/features/products/_product-overview.html,yes
src/html/products/detail.html,html,include,../../partial/features/products/_product-spec.html,src/partial/features/products/_product-spec.html,yes
src/html/products/detail.html,html,include,../../partial/features/products/_products-similar-list.html,src/partial/features/products/_products-similar-list.html,yes
src/html/products/detail.html,html,include,../../partial/layouts/_footer.html,src/partial/layouts/_footer.html,yes
src/html/products/detail.html,html,include,../../partial/layouts/_head.html,src/partial/layouts/_head.html,yes
src/html/products/detail.html,html,include,../../partial/layouts/_header.html,src/partial/layouts/_header.html,yes
src/html/products/detail.html,html,include,../../partial/layouts/_js.html,src/partial/layouts/_js.html,yes
src/html/products/detail.html,html,include,../../partial/shared/components/_ad-300-250-double.html,src/partial/shared/components/_ad-300-250-double.html,yes
src/html/products/detail.html,html,include,../../partial/shared/components/_ad-970.html,src/partial/shared/components/_ad-970.html,yes
src/html/products/detail.html,html,include,../../partial/shared/components/_ad-sponsor.html,src/partial/shared/components/_ad-sponsor.html,yes
src/html/products/detail.html,html,include,../../partial/shared/components/_breadcrumb.html,src/partial/shared/components/_breadcrumb.html,yes
src/html/products/detail.html,html,include,../../partial/shared/components/_fb-sdk.html,src/partial/shared/components/_fb-sdk.html,yes
src/html/products/detail.html,html,include,../../partial/shared/components/_nav-main.html,src/partial/shared/components/_nav-main.html,yes
src/html/products/detail.html,html,include,../../partial/shared/components/_nav-top.html,src/partial/shared/components/_nav-top.html,yes
src/html/products/detail.html,html,include,../../partial/shared/modals/_login.html,src/partial/shared/modals/_login.html,yes
src/html/products/detail.html,html,include,../../partial/shared/modals/_pk.html,src/partial/shared/modals/_pk.html,yes
src/html/products/detail.html,html,include,../../partial/shared/modals/_track.html,src/partial/shared/modals/_track.html,yes
src/html/products/index.html,html,include,../../partial/features/products/_discount.html,src/partial/features/products/_discount.html,yes
src/html/products/index.html,html,include,../../partial/features/products/_index-header.html,src/partial/features/products/_index-header.html,yes
src/html/products/index.html,html,include,../../partial/features/products/_products-filter.html,src/partial/features/products/_products-filter.html,yes
src/html/products/index.html,html,include,../../partial/features/products/_products-filter.html,src/partial/features/products/_products-filter.html,yes
src/html/products/index.html,html,include,../../partial/features/products/_products-new-list.html,src/partial/features/products/_products-new-list.html,yes
src/html/products/index.html,html,include,../../partial/features/products/_products-old-list.html,src/partial/features/products/_products-old-list.html,yes
src/html/products/index.html,html,include,../../partial/features/products/_products-old-list.html,src/partial/features/products/_products-old-list.html,yes
src/html/products/index.html,html,include,../../partial/features/products/_repair-overview.html,src/partial/features/products/_repair-overview.html,yes
src/html/products/index.html,html,include,../../partial/layouts/_footer.html,src/partial/layouts/_footer.html,yes
src/html/products/index.html,html,include,../../partial/layouts/_head.html,src/partial/layouts/_head.html,yes
src/html/products/index.html,html,include,../../partial/layouts/_header.html,src/partial/layouts/_header.html,yes
src/html/products/index.html,html,include,../../partial/layouts/_js.html,src/partial/layouts/_js.html,yes
src/html/products/index.html,html,include,../../partial/shared/components/_ad-970.html,src/partial/shared/components/_ad-970.html,yes
src/html/products/index.html,html,include,../../partial/shared/components/_ad-970.html,src/partial/shared/components/_ad-970.html,yes
src/html/products/index.html,html,include,../../partial/shared/components/_ad-sponsor.html,src/partial/shared/components/_ad-sponsor.html,yes
src/html/products/index.html,html,include,../../partial/shared/components/_breadcrumb.html,src/partial/shared/components/_breadcrumb.html,yes
src/html/products/index.html,html,include,../../partial/shared/components/_nav-main.html,src/partial/shared/components/_nav-main.html,yes
src/html/products/index.html,html,include,../../partial/shared/components/_nav-top.html,src/partial/shared/components/_nav-top.html,yes
src/html/products/index.html,html,include,../../partial/shared/modals/_quickview.html,src/partial/shared/modals/_quickview.html,yes
src/html/products/index.html,html,include,../../partial/shared/sections/_compare-series.html,src/partial/shared/sections/_compare-series.html,yes
src/html/products/index.html,html,include,../../partial/shared/sections/_product-price.html,src/partial/shared/sections/_product-price.html,yes
src/html/products/index.html,html,include,../../partial/shared/sections/_products-row-hs.html,src/partial/shared/sections/_products-row-hs.html,yes
src/html/products/index.html,html,include,../../partial/shared/sections/_products-row-hs.html,src/partial/shared/sections/_products-row-hs.html,yes
src/html/products/index.html,html,include,../../partial/shared/sections/_products-row-hs.html,src/partial/shared/sections/_products-row-hs.html,yes
src/html/products/index.html,html,include,../../partial/shared/sections/_products-row-hs.html,src/partial/shared/sections/_products-row-hs.html,yes
src/html/products/price-new-store-list.html,html,include,../../partial/features/products/_price-intro.html,src/partial/features/products/_price-intro.html,yes
src/html/products/price-new-store-list.html,html,include,../../partial/features/products/_products-similar-list-new.html,src/partial/features/products/_products-similar-list-new.html,yes
src/html/products/price-new-store-list.html,html,include,../../partial/layouts/_footer.html,src/partial/layouts/_footer.html,yes
src/html/products/price-new-store-list.html,html,include,../../partial/layouts/_head.html,src/partial/layouts/_head.html,yes
src/html/products/price-new-store-list.html,html,include,../../partial/layouts/_header.html,src/partial/layouts/_header.html,yes
src/html/products/price-new-store-list.html,html,include,../../partial/layouts/_js.html,src/partial/layouts/_js.html,yes
src/html/products/price-new-store-list.html,html,include,../../partial/shared/components/_ad-300-250-double.html,src/partial/shared/components/_ad-300-250-double.html,yes
src/html/products/price-new-store-list.html,html,include,../../partial/shared/components/_ad-970.html,src/partial/shared/components/_ad-970.html,yes
src/html/products/price-new-store-list.html,html,include,../../partial/shared/components/_breadcrumb.html,src/partial/shared/components/_breadcrumb.html,yes
src/html/products/price-new-store-list.html,html,include,../../partial/shared/components/_nav-main.html,src/partial/shared/components/_nav-main.html,yes
src/html/products/price-new-store-list.html,html,include,../../partial/shared/components/_nav-top.html,src/partial/shared/components/_nav-top.html,yes
src/html/products/price-new-store-list.html,html,include,../../partial/shared/modals/_price-search.html,src/partial/shared/modals/_price-search.html,yes
src/html/products/price-new-store-list.html,html,include,../../partial/shared/modals/_price-tip.html,src/partial/shared/modals/_price-tip.html,yes
src/html/products/price-new-store-list.html,html,include,../../partial/shared/modals/_quickview.html,src/partial/shared/modals/_quickview.html,yes
src/html/products/price-new-store-list.html,html,include,../../partial/shared/modals/_refresh.html,src/partial/shared/modals/_refresh.html,yes
src/html/products/price-new-store-list.html,html,include,../../partial/shared/sections/_store-list.html,src/partial/shared/sections/_store-list.html,yes
src/html/products/price-repair-cat-list.html,html,include,../../partial/features/products/_price-intro.html,src/partial/features/products/_price-intro.html,yes
src/html/products/price-repair-cat-list.html,html,include,../../partial/features/products/_repair-cat-list.html,src/partial/features/products/_repair-cat-list.html,yes
src/html/products/price-repair-cat-list.html,html,include,../../partial/layouts/_footer.html,src/partial/layouts/_footer.html,yes
src/html/products/price-repair-cat-list.html,html,include,../../partial/layouts/_head.html,src/partial/layouts/_head.html,yes
src/html/products/price-repair-cat-list.html,html,include,../../partial/layouts/_header.html,src/partial/layouts/_header.html,yes
src/html/products/price-repair-cat-list.html,html,include,../../partial/layouts/_js.html,src/partial/layouts/_js.html,yes
src/html/products/price-repair-cat-list.html,html,include,../../partial/shared/components/_ad-300-250-double.html,src/partial/shared/components/_ad-300-250-double.html,yes
src/html/products/price-repair-cat-list.html,html,include,../../partial/shared/components/_ad-970.html,src/partial/shared/components/_ad-970.html,yes
src/html/products/price-repair-cat-list.html,html,include,../../partial/shared/components/_breadcrumb.html,src/partial/shared/components/_breadcrumb.html,yes
src/html/products/price-repair-cat-list.html,html,include,../../partial/shared/components/_nav-main.html,src/partial/shared/components/_nav-main.html,yes
src/html/products/price-repair-cat-list.html,html,include,../../partial/shared/components/_nav-top.html,src/partial/shared/components/_nav-top.html,yes
src/html/products/price-repair-cat-list.html,html,include,../../partial/shared/modals/_refresh.html,src/partial/shared/modals/_refresh.html,yes
src/html/products/price-repair-store-list.html,html,include,../../partial/features/products/_price-intro.html,src/partial/features/products/_price-intro.html,yes
src/html/products/price-repair-store-list.html,html,include,../../partial/features/products/_products-similar-list-new.html,src/partial/features/products/_products-similar-list-new.html,yes
src/html/products/price-repair-store-list.html,html,include,../../partial/layouts/_footer.html,src/partial/layouts/_footer.html,yes
src/html/products/price-repair-store-list.html,html,include,../../partial/layouts/_head.html,src/partial/layouts/_head.html,yes
src/html/products/price-repair-store-list.html,html,include,../../partial/layouts/_header.html,src/partial/layouts/_header.html,yes
src/html/products/price-repair-store-list.html,html,include,../../partial/layouts/_js.html,src/partial/layouts/_js.html,yes
src/html/products/price-repair-store-list.html,html,include,../../partial/shared/components/_ad-300-250-double.html,src/partial/shared/components/_ad-300-250-double.html,yes
src/html/products/price-repair-store-list.html,html,include,../../partial/shared/components/_ad-970.html,src/partial/shared/components/_ad-970.html,yes
src/html/products/price-repair-store-list.html,html,include,../../partial/shared/components/_breadcrumb.html,src/partial/shared/components/_breadcrumb.html,yes
src/html/products/price-repair-store-list.html,html,include,../../partial/shared/components/_nav-main.html,src/partial/shared/components/_nav-main.html,yes
src/html/products/price-repair-store-list.html,html,include,../../partial/shared/components/_nav-top.html,src/partial/shared/components/_nav-top.html,yes
src/html/products/price-repair-store-list.html,html,include,../../partial/shared/modals/_price-search.html,src/partial/shared/modals/_price-search.html,yes
src/html/products/price-repair-store-list.html,html,include,../../partial/shared/modals/_price-tip.html,src/partial/shared/modals/_price-tip.html,yes
src/html/products/price-repair-store-list.html,html,include,../../partial/shared/modals/_quickview.html,src/partial/shared/modals/_quickview.html,yes
src/html/products/price-repair-store-list.html,html,include,../../partial/shared/modals/_refresh.html,src/partial/shared/modals/_refresh.html,yes
src/html/products/price-repair-store-list.html,html,include,../../partial/shared/sections/_store-list.html,src/partial/shared/sections/_store-list.html,yes
src/html/products/price-second-store-list.html,html,include,../../partial/features/products/_price-intro.html,src/partial/features/products/_price-intro.html,yes
src/html/products/price-second-store-list.html,html,include,../../partial/features/products/_products-similar-list-new.html,src/partial/features/products/_products-similar-list-new.html,yes
src/html/products/price-second-store-list.html,html,include,../../partial/layouts/_footer.html,src/partial/layouts/_footer.html,yes
src/html/products/price-second-store-list.html,html,include,../../partial/layouts/_head.html,src/partial/layouts/_head.html,yes
src/html/products/price-second-store-list.html,html,include,../../partial/layouts/_header.html,src/partial/layouts/_header.html,yes
src/html/products/price-second-store-list.html,html,include,../../partial/layouts/_js.html,src/partial/layouts/_js.html,yes
src/html/products/price-second-store-list.html,html,include,../../partial/shared/components/_ad-300-250-double.html,src/partial/shared/components/_ad-300-250-double.html,yes
src/html/products/price-second-store-list.html,html,include,../../partial/shared/components/_ad-970.html,src/partial/shared/components/_ad-970.html,yes
src/html/products/price-second-store-list.html,html,include,../../partial/shared/components/_breadcrumb.html,src/partial/shared/components/_breadcrumb.html,yes
src/html/products/price-second-store-list.html,html,include,../../partial/shared/components/_nav-main.html,src/partial/shared/components/_nav-main.html,yes
src/html/products/price-second-store-list.html,html,include,../../partial/shared/components/_nav-top.html,src/partial/shared/components/_nav-top.html,yes
src/html/products/price-second-store-list.html,html,include,../../partial/shared/modals/_price-search.html,src/partial/shared/modals/_price-search.html,yes
src/html/products/price-second-store-list.html,html,include,../../partial/shared/modals/_price-tip.html,src/partial/shared/modals/_price-tip.html,yes
src/html/products/price-second-store-list.html,html,include,../../partial/shared/modals/_quickview.html,src/partial/shared/modals/_quickview.html,yes
src/html/products/price-second-store-list.html,html,include,../../partial/shared/modals/_refresh.html,src/partial/shared/modals/_refresh.html,yes
src/html/products/price-second-store-list.html,html,include,../../partial/shared/sections/_store-list.html,src/partial/shared/sections/_store-list.html,yes
src/html/products/review-list.html,html,include,../../partial/features/products/_article-list-full.html,src/partial/features/products/_article-list-full.html,yes
src/html/products/review-list.html,html,include,../../partial/features/products/_article-list-full.html,src/partial/features/products/_article-list-full.html,yes
src/html/products/review-list.html,html,include,../../partial/features/products/_products-similar-list.html,src/partial/features/products/_products-similar-list.html,yes
src/html/products/review-list.html,html,include,../../partial/layouts/_footer.html,src/partial/layouts/_footer.html,yes
src/html/products/review-list.html,html,include,../../partial/layouts/_head.html,src/partial/layouts/_head.html,yes
src/html/products/review-list.html,html,include,../../partial/layouts/_header.html,src/partial/layouts/_header.html,yes
src/html/products/review-list.html,html,include,../../partial/layouts/_js.html,src/partial/layouts/_js.html,yes
src/html/products/review-list.html,html,include,../../partial/shared/components/_ad-300-250-double.html,src/partial/shared/components/_ad-300-250-double.html,yes
src/html/products/review-list.html,html,include,../../partial/shared/components/_ad-970.html,src/partial/shared/components/_ad-970.html,yes
src/html/products/review-list.html,html,include,../../partial/shared/components/_ad-sponsor.html,src/partial/shared/components/_ad-sponsor.html,yes
src/html/products/review-list.html,html,include,../../partial/shared/components/_breadcrumb.html,src/partial/shared/components/_breadcrumb.html,yes
src/html/products/review-list.html,html,include,../../partial/shared/components/_nav-main.html,src/partial/shared/components/_nav-main.html,yes
src/html/products/review-list.html,html,include,../../partial/shared/components/_nav-top.html,src/partial/shared/components/_nav-top.html,yes
src/html/shop/detail.html,html,include,../../partial/features/shop/_form.html,src/partial/features/shop/_form.html,yes
src/html/shop/detail.html,html,include,../../partial/layouts/_footer.html,src/partial/layouts/_footer.html,yes
src/html/shop/detail.html,html,include,../../partial/layouts/_head.html,src/partial/layouts/_head.html,yes
src/html/shop/detail.html,html,include,../../partial/layouts/_header.html,src/partial/layouts/_header.html,yes
src/html/shop/detail.html,html,include,../../partial/layouts/_js.html,src/partial/layouts/_js.html,yes
src/html/shop/detail.html,html,include,../../partial/shared/components/_ad-970.html,src/partial/shared/components/_ad-970.html,yes
src/html/shop/detail.html,html,include,../../partial/shared/components/_breadcrumb.html,src/partial/shared/components/_breadcrumb.html,yes
src/html/shop/detail.html,html,include,../../partial/shared/components/_nav-main.html,src/partial/shared/components/_nav-main.html,yes
src/html/shop/detail.html,html,include,../../partial/shared/components/_nav-top.html,src/partial/shared/components/_nav-top.html,yes
src/html/shop/detail.html,html,include,../../partial/shared/modals/_price-search.html,src/partial/shared/modals/_price-search.html,yes
src/html/shop/detail.html,html,include,../../partial/shared/modals/_refresh.html,src/partial/shared/modals/_refresh.html,yes
src/html/shop/detail.html,html,include,../../partial/shared/sections/_store-list.html,src/partial/shared/sections/_store-list.html,yes
src/html/shop/index.html,html,include,../../partial/features/shop/_scroller-status.html,src/partial/features/shop/_scroller-status.html,yes
src/html/shop/index.html,html,include,../../partial/features/shop/_shop-list.html,src/partial/features/shop/_shop-list.html,yes
src/html/shop/index.html,html,include,../../partial/layouts/_footer.html,src/partial/layouts/_footer.html,yes
src/html/shop/index.html,html,include,../../partial/layouts/_head.html,src/partial/layouts/_head.html,yes
src/html/shop/index.html,html,include,../../partial/layouts/_header.html,src/partial/layouts/_header.html,yes
src/html/shop/index.html,html,include,../../partial/layouts/_js.html,src/partial/layouts/_js.html,yes
src/html/shop/index.html,html,include,../../partial/shared/components/_ad-970.html,src/partial/shared/components/_ad-970.html,yes
src/html/shop/index.html,html,include,../../partial/shared/components/_breadcrumb.html,src/partial/shared/components/_breadcrumb.html,yes
src/html/shop/index.html,html,include,../../partial/shared/components/_nav-main.html,src/partial/shared/components/_nav-main.html,yes
src/html/shop/index.html,html,include,../../partial/shared/components/_nav-top.html,src/partial/shared/components/_nav-top.html,yes
src/html/shop/index2.html,html,include,../../partial/features/shop/_scroller-status.html,src/partial/features/shop/_scroller-status.html,yes
src/html/shop/index2.html,html,include,../../partial/features/shop/_shop-list.html,src/partial/features/shop/_shop-list.html,yes
src/html/shop/index2.html,html,include,../../partial/layouts/_footer.html,src/partial/layouts/_footer.html,yes
src/html/shop/index2.html,html,include,../../partial/layouts/_head.html,src/partial/layouts/_head.html,yes
src/html/shop/index2.html,html,include,../../partial/layouts/_header.html,src/partial/layouts/_header.html,yes
src/html/shop/index2.html,html,include,../../partial/layouts/_js.html,src/partial/layouts/_js.html,yes
src/html/shop/index2.html,html,include,../../partial/shared/components/_ad-970.html,src/partial/shared/components/_ad-970.html,yes
src/html/shop/index2.html,html,include,../../partial/shared/components/_breadcrumb.html,src/partial/shared/components/_breadcrumb.html,yes
src/html/shop/index2.html,html,include,../../partial/shared/components/_nav-main.html,src/partial/shared/components/_nav-main.html,yes
src/html/shop/index2.html,html,include,../../partial/shared/components/_nav-top.html,src/partial/shared/components/_nav-top.html,yes
src/html/store-admin/chart-list.html,html,include,../../partial/features/store-admin/_header.html,src/partial/features/store-admin/_header.html,yes
src/html/store-admin/chart-list.html,html,include,../../partial/features/store-admin/_nav-main.html,src/partial/features/store-admin/_nav-main.html,yes
src/html/store-admin/chart-list.html,html,include,../../partial/features/store-admin/_nav-mobile.html,src/partial/features/store-admin/_nav-mobile.html,yes
src/html/store-admin/chart-list.html,html,include,../../partial/features/store-admin/_tabs.html,src/partial/features/store-admin/_tabs.html,yes
src/html/store-admin/chart-list.html,html,include,../../partial/layouts/_footer.html,src/partial/layouts/_footer.html,yes
src/html/store-admin/chart-list.html,html,include,../../partial/layouts/_head.html,src/partial/layouts/_head.html,yes
src/html/store-admin/chart-list.html,html,include,../../partial/layouts/_js.html,src/partial/layouts/_js.html,yes
src/html/store-admin/chart-list.html,html,include,../../partial/shared/components/_nav-top.html,src/partial/shared/components/_nav-top.html,yes
src/html/store-admin/chart-list.html,html,include,../../partial/shared/modals/_refresh.html,src/partial/shared/modals/_refresh.html,yes
src/html/store-admin/chart-list.html,html,include,../../partial/shared/ui/_section-title-h3.html,src/partial/shared/ui/_section-title-h3.html,yes
src/html/store-admin/faq-detail.html,html,include,../../partial/features/store-admin/_header.html,src/partial/features/store-admin/_header.html,yes
src/html/store-admin/faq-detail.html,html,include,../../partial/features/store-admin/_nav-main.html,src/partial/features/store-admin/_nav-main.html,yes
src/html/store-admin/faq-detail.html,html,include,../../partial/features/store-admin/_nav-mobile.html,src/partial/features/store-admin/_nav-mobile.html,yes
src/html/store-admin/faq-detail.html,html,include,../../partial/layouts/_footer.html,src/partial/layouts/_footer.html,yes
src/html/store-admin/faq-detail.html,html,include,../../partial/layouts/_head.html,src/partial/layouts/_head.html,yes
src/html/store-admin/faq-detail.html,html,include,../../partial/layouts/_js.html,src/partial/layouts/_js.html,yes
src/html/store-admin/faq-detail.html,html,include,../../partial/shared/components/_nav-top.html,src/partial/shared/components/_nav-top.html,yes
src/html/store-admin/faq-detail.html,html,include,../../partial/shared/modals/_refresh.html,src/partial/shared/modals/_refresh.html,yes
src/html/store-admin/faq-detail.html,html,include,../../partial/shared/ui/_section-title-h3.html,src/partial/shared/ui/_section-title-h3.html,yes
src/html/store-admin/faq-post.html,html,include,../../partial/features/store-admin/_form-1col.html,src/partial/features/store-admin/_form-1col.html,yes
src/html/store-admin/faq-post.html,html,include,../../partial/features/store-admin/_header.html,src/partial/features/store-admin/_header.html,yes
src/html/store-admin/faq-post.html,html,include,../../partial/features/store-admin/_nav-main.html,src/partial/features/store-admin/_nav-main.html,yes
src/html/store-admin/faq-post.html,html,include,../../partial/features/store-admin/_nav-mobile.html,src/partial/features/store-admin/_nav-mobile.html,yes
src/html/store-admin/faq-post.html,html,include,../../partial/features/store-admin/_table.html,src/partial/features/store-admin/_table.html,yes
src/html/store-admin/faq-post.html,html,include,../../partial/layouts/_footer.html,src/partial/layouts/_footer.html,yes
src/html/store-admin/faq-post.html,html,include,../../partial/layouts/_head.html,src/partial/layouts/_head.html,yes
src/html/store-admin/faq-post.html,html,include,../../partial/layouts/_js.html,src/partial/layouts/_js.html,yes
src/html/store-admin/faq-post.html,html,include,../../partial/shared/components/_nav-top.html,src/partial/shared/components/_nav-top.html,yes
src/html/store-admin/faq-post.html,html,include,../../partial/shared/modals/_refresh.html,src/partial/shared/modals/_refresh.html,yes
src/html/store-admin/notice.html,html,include,../../partial/features/store-admin/_header.html,src/partial/features/store-admin/_header.html,yes
src/html/store-admin/notice.html,html,include,../../partial/features/store-admin/_nav-main.html,src/partial/features/store-admin/_nav-main.html,yes
src/html/store-admin/notice.html,html,include,../../partial/features/store-admin/_nav-mobile.html,src/partial/features/store-admin/_nav-mobile.html,yes
src/html/store-admin/notice.html,html,include,../../partial/features/store-admin/_table.html,src/partial/features/store-admin/_table.html,yes
src/html/store-admin/notice.html,html,include,../../partial/features/store-admin/_table.html,src/partial/features/store-admin/_table.html,yes
src/html/store-admin/notice.html,html,include,../../partial/features/store-admin/_table.html,src/partial/features/store-admin/_table.html,yes
src/html/store-admin/notice.html,html,include,../../partial/features/store-admin/_table.html,src/partial/features/store-admin/_table.html,yes
src/html/store-admin/notice.html,html,include,../../partial/layouts/_footer.html,src/partial/layouts/_footer.html,yes
src/html/store-admin/notice.html,html,include,../../partial/layouts/_head.html,src/partial/layouts/_head.html,yes
src/html/store-admin/notice.html,html,include,../../partial/layouts/_js.html,src/partial/layouts/_js.html,yes
src/html/store-admin/notice.html,html,include,../../partial/shared/components/_nav-top.html,src/partial/shared/components/_nav-top.html,yes
src/html/store-admin/notice.html,html,include,../../partial/shared/modals/_refresh.html,src/partial/shared/modals/_refresh.html,yes
src/html/store-admin/notice.html,html,include,../../partial/shared/ui/_section-title-h3.html,src/partial/shared/ui/_section-title-h3.html,yes
src/html/store-admin/product-add-price.html,html,include,../../partial/features/store-admin/_form-1col.html,src/partial/features/store-admin/_form-1col.html,yes
src/html/store-admin/product-add-price.html,html,include,../../partial/features/store-admin/_header.html,src/partial/features/store-admin/_header.html,yes
src/html/store-admin/product-add-price.html,html,include,../../partial/features/store-admin/_nav-main.html,src/partial/features/store-admin/_nav-main.html,yes
src/html/store-admin/product-add-price.html,html,include,../../partial/features/store-admin/_nav-mobile.html,src/partial/features/store-admin/_nav-mobile.html,yes
src/html/store-admin/product-add-price.html,html,include,../../partial/layouts/_footer.html,src/partial/layouts/_footer.html,yes
src/html/store-admin/product-add-price.html,html,include,../../partial/layouts/_head.html,src/partial/layouts/_head.html,yes
src/html/store-admin/product-add-price.html,html,include,../../partial/layouts/_js.html,src/partial/layouts/_js.html,yes
src/html/store-admin/product-add-price.html,html,include,../../partial/shared/components/_nav-top.html,src/partial/shared/components/_nav-top.html,yes
src/html/store-admin/product-add-price.html,html,include,../../partial/shared/modals/_refresh.html,src/partial/shared/modals/_refresh.html,yes
src/html/store-admin/product-add-price.html,html,include,../../partial/shared/ui/_section-title-h3.html,src/partial/shared/ui/_section-title-h3.html,yes
src/html/store-admin/product-edit.html,html,include,../../partial/features/store-admin/_form-1col.html,src/partial/features/store-admin/_form-1col.html,yes
src/html/store-admin/product-edit.html,html,include,../../partial/features/store-admin/_header.html,src/partial/features/store-admin/_header.html,yes
src/html/store-admin/product-edit.html,html,include,../../partial/features/store-admin/_nav-main.html,src/partial/features/store-admin/_nav-main.html,yes
src/html/store-admin/product-edit.html,html,include,../../partial/features/store-admin/_nav-mobile.html,src/partial/features/store-admin/_nav-mobile.html,yes
src/html/store-admin/product-edit.html,html,include,../../partial/layouts/_footer.html,src/partial/layouts/_footer.html,yes
src/html/store-admin/product-edit.html,html,include,../../partial/layouts/_head.html,src/partial/layouts/_head.html,yes
src/html/store-admin/product-edit.html,html,include,../../partial/layouts/_js.html,src/partial/layouts/_js.html,yes
src/html/store-admin/product-edit.html,html,include,../../partial/shared/components/_nav-top.html,src/partial/shared/components/_nav-top.html,yes
src/html/store-admin/product-edit.html,html,include,../../partial/shared/modals/_refresh.html,src/partial/shared/modals/_refresh.html,yes
src/html/store-admin/product-edit.html,html,include,../../partial/shared/ui/_section-title-h3.html,src/partial/shared/ui/_section-title-h3.html,yes
src/html/store-admin/product-list.html,html,include,../../partial/features/store-admin/_header.html,src/partial/features/store-admin/_header.html,yes
src/html/store-admin/product-list.html,html,include,../../partial/features/store-admin/_nav-main.html,src/partial/features/store-admin/_nav-main.html,yes
src/html/store-admin/product-list.html,html,include,../../partial/features/store-admin/_nav-mobile.html,src/partial/features/store-admin/_nav-mobile.html,yes
src/html/store-admin/product-list.html,html,include,../../partial/features/store-admin/_product-search.html,src/partial/features/store-admin/_product-search.html,yes
src/html/store-admin/product-list.html,html,include,../../partial/features/store-admin/_table.html,src/partial/features/store-admin/_table.html,yes
src/html/store-admin/product-list.html,html,include,../../partial/layouts/_footer.html,src/partial/layouts/_footer.html,yes
src/html/store-admin/product-list.html,html,include,../../partial/layouts/_head.html,src/partial/layouts/_head.html,yes
src/html/store-admin/product-list.html,html,include,../../partial/layouts/_js.html,src/partial/layouts/_js.html,yes
src/html/store-admin/product-list.html,html,include,../../partial/shared/components/_nav-top.html,src/partial/shared/components/_nav-top.html,yes
src/html/store-admin/product-list.html,html,include,../../partial/shared/modals/_refresh.html,src/partial/shared/modals/_refresh.html,yes
src/html/store-admin/product-list.html,html,include,../../partial/shared/ui/_section-title-h3.html,src/partial/shared/ui/_section-title-h3.html,yes
src/html/store-admin/product-message.html,html,include,../../partial/features/store-admin/_form-1col.html,src/partial/features/store-admin/_form-1col.html,yes
src/html/store-admin/product-message.html,html,include,../../partial/features/store-admin/_header.html,src/partial/features/store-admin/_header.html,yes
src/html/store-admin/product-message.html,html,include,../../partial/features/store-admin/_nav-main.html,src/partial/features/store-admin/_nav-main.html,yes
src/html/store-admin/product-message.html,html,include,../../partial/features/store-admin/_nav-mobile.html,src/partial/features/store-admin/_nav-mobile.html,yes
src/html/store-admin/product-message.html,html,include,../../partial/layouts/_footer.html,src/partial/layouts/_footer.html,yes
src/html/store-admin/product-message.html,html,include,../../partial/layouts/_head.html,src/partial/layouts/_head.html,yes
src/html/store-admin/product-message.html,html,include,../../partial/layouts/_js.html,src/partial/layouts/_js.html,yes
src/html/store-admin/product-message.html,html,include,../../partial/shared/components/_nav-top.html,src/partial/shared/components/_nav-top.html,yes
src/html/store-admin/product-message.html,html,include,../../partial/shared/modals/_refresh.html,src/partial/shared/modals/_refresh.html,yes
src/html/store-admin/product-message.html,html,include,../../partial/shared/ui/_section-title-h3.html,src/partial/shared/ui/_section-title-h3.html,yes
src/html/store-admin/product-promo.html,html,include,../../partial/features/store-admin/_form-1col.html,src/partial/features/store-admin/_form-1col.html,yes
src/html/store-admin/product-promo.html,html,include,../../partial/features/store-admin/_header.html,src/partial/features/store-admin/_header.html,yes
src/html/store-admin/product-promo.html,html,include,../../partial/features/store-admin/_nav-main.html,src/partial/features/store-admin/_nav-main.html,yes
src/html/store-admin/product-promo.html,html,include,../../partial/features/store-admin/_nav-mobile.html,src/partial/features/store-admin/_nav-mobile.html,yes
src/html/store-admin/product-promo.html,html,include,../../partial/layouts/_footer.html,src/partial/layouts/_footer.html,yes
src/html/store-admin/product-promo.html,html,include,../../partial/layouts/_head.html,src/partial/layouts/_head.html,yes
src/html/store-admin/product-promo.html,html,include,../../partial/layouts/_js.html,src/partial/layouts/_js.html,yes
src/html/store-admin/product-promo.html,html,include,../../partial/shared/components/_nav-top.html,src/partial/shared/components/_nav-top.html,yes
src/html/store-admin/product-promo.html,html,include,../../partial/shared/modals/_refresh.html,src/partial/shared/modals/_refresh.html,yes
src/html/store-admin/product-promo.html,html,include,../../partial/shared/ui/_section-title-h3.html,src/partial/shared/ui/_section-title-h3.html,yes
src/html/store-admin/promo-focus.html,html,include,../../partial/features/store-admin/_header.html,src/partial/features/store-admin/_header.html,yes
src/html/store-admin/promo-focus.html,html,include,../../partial/features/store-admin/_nav-main.html,src/partial/features/store-admin/_nav-main.html,yes
src/html/store-admin/promo-focus.html,html,include,../../partial/features/store-admin/_nav-mobile.html,src/partial/features/store-admin/_nav-mobile.html,yes
src/html/store-admin/promo-focus.html,html,include,../../partial/features/store-admin/_table.html,src/partial/features/store-admin/_table.html,yes
src/html/store-admin/promo-focus.html,html,include,../../partial/layouts/_footer.html,src/partial/layouts/_footer.html,yes
src/html/store-admin/promo-focus.html,html,include,../../partial/layouts/_head.html,src/partial/layouts/_head.html,yes
src/html/store-admin/promo-focus.html,html,include,../../partial/layouts/_js.html,src/partial/layouts/_js.html,yes
src/html/store-admin/promo-focus.html,html,include,../../partial/shared/components/_nav-top.html,src/partial/shared/components/_nav-top.html,yes
src/html/store-admin/promo-focus.html,html,include,../../partial/shared/modals/_refresh.html,src/partial/shared/modals/_refresh.html,yes
src/html/store-admin/promo-focus.html,html,include,../../partial/shared/ui/_section-title-h3.html,src/partial/shared/ui/_section-title-h3.html,yes
src/html/store-admin/promo-top.html,html,include,../../partial/features/store-admin/_header.html,src/partial/features/store-admin/_header.html,yes
src/html/store-admin/promo-top.html,html,include,../../partial/features/store-admin/_nav-main.html,src/partial/features/store-admin/_nav-main.html,yes
src/html/store-admin/promo-top.html,html,include,../../partial/features/store-admin/_nav-mobile.html,src/partial/features/store-admin/_nav-mobile.html,yes
src/html/store-admin/promo-top.html,html,include,../../partial/features/store-admin/_table.html,src/partial/features/store-admin/_table.html,yes
src/html/store-admin/promo-top.html,html,include,../../partial/features/store-admin/_table.html,src/partial/features/store-admin/_table.html,yes
src/html/store-admin/promo-top.html,html,include,../../partial/layouts/_footer.html,src/partial/layouts/_footer.html,yes
src/html/store-admin/promo-top.html,html,include,../../partial/layouts/_head.html,src/partial/layouts/_head.html,yes
src/html/store-admin/promo-top.html,html,include,../../partial/layouts/_js.html,src/partial/layouts/_js.html,yes
src/html/store-admin/promo-top.html,html,include,../../partial/shared/components/_nav-top.html,src/partial/shared/components/_nav-top.html,yes
src/html/store-admin/promo-top.html,html,include,../../partial/shared/modals/_refresh.html,src/partial/shared/modals/_refresh.html,yes
src/html/store-admin/promo-top.html,html,include,../../partial/shared/ui/_section-title-h3.html,src/partial/shared/ui/_section-title-h3.html,yes
src/html/store-admin/public-detail.html,html,include,../../partial/features/store-admin/_header.html,src/partial/features/store-admin/_header.html,yes
src/html/store-admin/public-detail.html,html,include,../../partial/features/store-admin/_nav-main.html,src/partial/features/store-admin/_nav-main.html,yes
src/html/store-admin/public-detail.html,html,include,../../partial/features/store-admin/_nav-mobile.html,src/partial/features/store-admin/_nav-mobile.html,yes
src/html/store-admin/public-detail.html,html,include,../../partial/layouts/_footer.html,src/partial/layouts/_footer.html,yes
src/html/store-admin/public-detail.html,html,include,../../partial/layouts/_head.html,src/partial/layouts/_head.html,yes
src/html/store-admin/public-detail.html,html,include,../../partial/layouts/_js.html,src/partial/layouts/_js.html,yes
src/html/store-admin/public-detail.html,html,include,../../partial/shared/components/_nav-top.html,src/partial/shared/components/_nav-top.html,yes
src/html/store-admin/public-detail.html,html,include,../../partial/shared/modals/_refresh.html,src/partial/shared/modals/_refresh.html,yes
src/html/store-admin/public-detail.html,html,include,../../partial/shared/ui/_section-title-h3.html,src/partial/shared/ui/_section-title-h3.html,yes
src/html/store-admin/public-list.html,html,include,../../partial/features/store-admin/_header.html,src/partial/features/store-admin/_header.html,yes
src/html/store-admin/public-list.html,html,include,../../partial/features/store-admin/_list-group.html,src/partial/features/store-admin/_list-group.html,yes
src/html/store-admin/public-list.html,html,include,../../partial/features/store-admin/_nav-main.html,src/partial/features/store-admin/_nav-main.html,yes
src/html/store-admin/public-list.html,html,include,../../partial/features/store-admin/_nav-mobile.html,src/partial/features/store-admin/_nav-mobile.html,yes
src/html/store-admin/public-list.html,html,include,../../partial/layouts/_footer.html,src/partial/layouts/_footer.html,yes
src/html/store-admin/public-list.html,html,include,../../partial/layouts/_head.html,src/partial/layouts/_head.html,yes
src/html/store-admin/public-list.html,html,include,../../partial/layouts/_js.html,src/partial/layouts/_js.html,yes
src/html/store-admin/public-list.html,html,include,../../partial/shared/components/_nav-top.html,src/partial/shared/components/_nav-top.html,yes
src/html/store-admin/public-list.html,html,include,../../partial/shared/modals/_refresh.html,src/partial/shared/modals/_refresh.html,yes
src/html/store-admin/public-list.html,html,include,../../partial/shared/ui/_section-title-h3.html,src/partial/shared/ui/_section-title-h3.html,yes
src/html/store-admin/repair-add-brand.html,html,include,../../partial/features/store-admin/_form-1col.html,src/partial/features/store-admin/_form-1col.html,yes
src/html/store-admin/repair-add-brand.html,html,include,../../partial/features/store-admin/_header.html,src/partial/features/store-admin/_header.html,yes
src/html/store-admin/repair-add-brand.html,html,include,../../partial/features/store-admin/_nav-main.html,src/partial/features/store-admin/_nav-main.html,yes
src/html/store-admin/repair-add-brand.html,html,include,../../partial/features/store-admin/_nav-mobile.html,src/partial/features/store-admin/_nav-mobile.html,yes
src/html/store-admin/repair-add-brand.html,html,include,../../partial/layouts/_footer.html,src/partial/layouts/_footer.html,yes
src/html/store-admin/repair-add-brand.html,html,include,../../partial/layouts/_head.html,src/partial/layouts/_head.html,yes
src/html/store-admin/repair-add-brand.html,html,include,../../partial/layouts/_js.html,src/partial/layouts/_js.html,yes
src/html/store-admin/repair-add-brand.html,html,include,../../partial/shared/components/_nav-top.html,src/partial/shared/components/_nav-top.html,yes
src/html/store-admin/repair-add-brand.html,html,include,../../partial/shared/modals/_refresh.html,src/partial/shared/modals/_refresh.html,yes
src/html/store-admin/repair-add-brand.html,html,include,../../partial/shared/ui/_section-title-h3.html,src/partial/shared/ui/_section-title-h3.html,yes
src/html/store-admin/repair-add-price.html,html,include,../../partial/features/store-admin/_form-1col.html,src/partial/features/store-admin/_form-1col.html,yes
src/html/store-admin/repair-add-price.html,html,include,../../partial/features/store-admin/_header.html,src/partial/features/store-admin/_header.html,yes
src/html/store-admin/repair-add-price.html,html,include,../../partial/features/store-admin/_nav-main.html,src/partial/features/store-admin/_nav-main.html,yes
src/html/store-admin/repair-add-price.html,html,include,../../partial/features/store-admin/_nav-mobile.html,src/partial/features/store-admin/_nav-mobile.html,yes
src/html/store-admin/repair-add-price.html,html,include,../../partial/layouts/_footer.html,src/partial/layouts/_footer.html,yes
src/html/store-admin/repair-add-price.html,html,include,../../partial/layouts/_head.html,src/partial/layouts/_head.html,yes
src/html/store-admin/repair-add-price.html,html,include,../../partial/layouts/_js.html,src/partial/layouts/_js.html,yes
src/html/store-admin/repair-add-price.html,html,include,../../partial/shared/components/_nav-top.html,src/partial/shared/components/_nav-top.html,yes
src/html/store-admin/repair-add-price.html,html,include,../../partial/shared/modals/_refresh.html,src/partial/shared/modals/_refresh.html,yes
src/html/store-admin/repair-add-price.html,html,include,../../partial/shared/ui/_section-title-h3.html,src/partial/shared/ui/_section-title-h3.html,yes
src/html/store-admin/repair-list.html,html,include,../../partial/features/store-admin/_header.html,src/partial/features/store-admin/_header.html,yes
src/html/store-admin/repair-list.html,html,include,../../partial/features/store-admin/_nav-main.html,src/partial/features/store-admin/_nav-main.html,yes
src/html/store-admin/repair-list.html,html,include,../../partial/features/store-admin/_nav-mobile.html,src/partial/features/store-admin/_nav-mobile.html,yes
src/html/store-admin/repair-list.html,html,include,../../partial/features/store-admin/_product-search.html,src/partial/features/store-admin/_product-search.html,yes
src/html/store-admin/repair-list.html,html,include,../../partial/features/store-admin/_table.html,src/partial/features/store-admin/_table.html,yes
src/html/store-admin/repair-list.html,html,include,../../partial/layouts/_footer.html,src/partial/layouts/_footer.html,yes
src/html/store-admin/repair-list.html,html,include,../../partial/layouts/_head.html,src/partial/layouts/_head.html,yes
src/html/store-admin/repair-list.html,html,include,../../partial/layouts/_js.html,src/partial/layouts/_js.html,yes
src/html/store-admin/repair-list.html,html,include,../../partial/shared/components/_nav-top.html,src/partial/shared/components/_nav-top.html,yes
src/html/store-admin/repair-list.html,html,include,../../partial/shared/modals/_refresh.html,src/partial/shared/modals/_refresh.html,yes
src/html/store-admin/repair-list.html,html,include,../../partial/shared/ui/_section-title-h3.html,src/partial/shared/ui/_section-title-h3.html,yes
src/html/store-admin/repair-promo.html,html,include,../../partial/features/store-admin/_form-1col.html,src/partial/features/store-admin/_form-1col.html,yes
src/html/store-admin/repair-promo.html,html,include,../../partial/features/store-admin/_header.html,src/partial/features/store-admin/_header.html,yes
src/html/store-admin/repair-promo.html,html,include,../../partial/features/store-admin/_nav-main.html,src/partial/features/store-admin/_nav-main.html,yes
src/html/store-admin/repair-promo.html,html,include,../../partial/features/store-admin/_nav-mobile.html,src/partial/features/store-admin/_nav-mobile.html,yes
src/html/store-admin/repair-promo.html,html,include,../../partial/layouts/_footer.html,src/partial/layouts/_footer.html,yes
src/html/store-admin/repair-promo.html,html,include,../../partial/layouts/_head.html,src/partial/layouts/_head.html,yes
src/html/store-admin/repair-promo.html,html,include,../../partial/layouts/_js.html,src/partial/layouts/_js.html,yes
src/html/store-admin/repair-promo.html,html,include,../../partial/shared/components/_nav-top.html,src/partial/shared/components/_nav-top.html,yes
src/html/store-admin/repair-promo.html,html,include,../../partial/shared/modals/_refresh.html,src/partial/shared/modals/_refresh.html,yes
src/html/store-admin/repair-promo.html,html,include,../../partial/shared/ui/_section-title-h3.html,src/partial/shared/ui/_section-title-h3.html,yes
src/html/store-admin/second-add-price.html,html,include,../../partial/features/store-admin/_form-1col.html,src/partial/features/store-admin/_form-1col.html,yes
src/html/store-admin/second-add-price.html,html,include,../../partial/features/store-admin/_header.html,src/partial/features/store-admin/_header.html,yes
src/html/store-admin/second-add-price.html,html,include,../../partial/features/store-admin/_nav-main.html,src/partial/features/store-admin/_nav-main.html,yes
src/html/store-admin/second-add-price.html,html,include,../../partial/features/store-admin/_nav-mobile.html,src/partial/features/store-admin/_nav-mobile.html,yes
src/html/store-admin/second-add-price.html,html,include,../../partial/layouts/_footer.html,src/partial/layouts/_footer.html,yes
src/html/store-admin/second-add-price.html,html,include,../../partial/layouts/_head.html,src/partial/layouts/_head.html,yes
src/html/store-admin/second-add-price.html,html,include,../../partial/layouts/_js.html,src/partial/layouts/_js.html,yes
src/html/store-admin/second-add-price.html,html,include,../../partial/shared/components/_nav-top.html,src/partial/shared/components/_nav-top.html,yes
src/html/store-admin/second-add-price.html,html,include,../../partial/shared/modals/_refresh.html,src/partial/shared/modals/_refresh.html,yes
src/html/store-admin/second-add-price.html,html,include,../../partial/shared/ui/_section-title-h3.html,src/partial/shared/ui/_section-title-h3.html,yes
src/html/store-admin/second-edit.html,html,include,../../partial/features/store-admin/_form-1col.html,src/partial/features/store-admin/_form-1col.html,yes
src/html/store-admin/second-edit.html,html,include,../../partial/features/store-admin/_header.html,src/partial/features/store-admin/_header.html,yes
src/html/store-admin/second-edit.html,html,include,../../partial/features/store-admin/_nav-main.html,src/partial/features/store-admin/_nav-main.html,yes
src/html/store-admin/second-edit.html,html,include,../../partial/features/store-admin/_nav-mobile.html,src/partial/features/store-admin/_nav-mobile.html,yes
src/html/store-admin/second-edit.html,html,include,../../partial/layouts/_footer.html,src/partial/layouts/_footer.html,yes
src/html/store-admin/second-edit.html,html,include,../../partial/layouts/_head.html,src/partial/layouts/_head.html,yes
src/html/store-admin/second-edit.html,html,include,../../partial/layouts/_js.html,src/partial/layouts/_js.html,yes
src/html/store-admin/second-edit.html,html,include,../../partial/shared/components/_nav-top.html,src/partial/shared/components/_nav-top.html,yes
src/html/store-admin/second-edit.html,html,include,../../partial/shared/modals/_refresh.html,src/partial/shared/modals/_refresh.html,yes
src/html/store-admin/second-edit.html,html,include,../../partial/shared/ui/_section-title-h3.html,src/partial/shared/ui/_section-title-h3.html,yes
src/html/store-admin/second-list.html,html,include,../../partial/features/store-admin/_header.html,src/partial/features/store-admin/_header.html,yes
src/html/store-admin/second-list.html,html,include,../../partial/features/store-admin/_nav-main.html,src/partial/features/store-admin/_nav-main.html,yes
src/html/store-admin/second-list.html,html,include,../../partial/features/store-admin/_nav-mobile.html,src/partial/features/store-admin/_nav-mobile.html,yes
src/html/store-admin/second-list.html,html,include,../../partial/features/store-admin/_product-search.html,src/partial/features/store-admin/_product-search.html,yes
src/html/store-admin/second-list.html,html,include,../../partial/features/store-admin/_table.html,src/partial/features/store-admin/_table.html,yes
src/html/store-admin/second-list.html,html,include,../../partial/layouts/_footer.html,src/partial/layouts/_footer.html,yes
src/html/store-admin/second-list.html,html,include,../../partial/layouts/_head.html,src/partial/layouts/_head.html,yes
src/html/store-admin/second-list.html,html,include,../../partial/layouts/_js.html,src/partial/layouts/_js.html,yes
src/html/store-admin/second-list.html,html,include,../../partial/shared/components/_nav-top.html,src/partial/shared/components/_nav-top.html,yes
src/html/store-admin/second-list.html,html,include,../../partial/shared/modals/_refresh.html,src/partial/shared/modals/_refresh.html,yes
src/html/store-admin/second-list.html,html,include,../../partial/shared/ui/_section-title-h3.html,src/partial/shared/ui/_section-title-h3.html,yes
src/html/store-admin/second-multi-upload.html,html,include,../../partial/features/store-admin/_alert.html,src/partial/features/store-admin/_alert.html,yes
src/html/store-admin/second-multi-upload.html,html,include,../../partial/features/store-admin/_header.html,src/partial/features/store-admin/_header.html,yes
src/html/store-admin/second-multi-upload.html,html,include,../../partial/features/store-admin/_nav-main.html,src/partial/features/store-admin/_nav-main.html,yes
src/html/store-admin/second-multi-upload.html,html,include,../../partial/features/store-admin/_nav-mobile.html,src/partial/features/store-admin/_nav-mobile.html,yes
src/html/store-admin/second-multi-upload.html,html,include,../../partial/layouts/_footer.html,src/partial/layouts/_footer.html,yes
src/html/store-admin/second-multi-upload.html,html,include,../../partial/layouts/_head.html,src/partial/layouts/_head.html,yes
src/html/store-admin/second-multi-upload.html,html,include,../../partial/layouts/_js.html,src/partial/layouts/_js.html,yes
src/html/store-admin/second-multi-upload.html,html,include,../../partial/shared/components/_nav-top.html,src/partial/shared/components/_nav-top.html,yes
src/html/store-admin/second-multi-upload.html,html,include,../../partial/shared/modals/_refresh.html,src/partial/shared/modals/_refresh.html,yes
src/html/store-admin/second-multi-upload.html,html,include,../../partial/shared/ui/_btn.html,src/partial/shared/ui/_btn.html,yes
src/html/store-admin/second-multi-upload.html,html,include,../../partial/shared/ui/_btn.html,src/partial/shared/ui/_btn.html,yes
src/html/store-admin/second-multi-upload.html,html,include,../../partial/shared/ui/_section-title-h3.html,src/partial/shared/ui/_section-title-h3.html,yes
src/html/store-admin/shop-list.html,html,include,../../partial/features/store-admin/_header.html,src/partial/features/store-admin/_header.html,yes
src/html/store-admin/shop-list.html,html,include,../../partial/features/store-admin/_nav-main.html,src/partial/features/store-admin/_nav-main.html,yes
src/html/store-admin/shop-list.html,html,include,../../partial/features/store-admin/_nav-mobile.html,src/partial/features/store-admin/_nav-mobile.html,yes
src/html/store-admin/shop-list.html,html,include,../../partial/features/store-admin/_table.html,src/partial/features/store-admin/_table.html,yes
src/html/store-admin/shop-list.html,html,include,../../partial/layouts/_footer.html,src/partial/layouts/_footer.html,yes
src/html/store-admin/shop-list.html,html,include,../../partial/layouts/_head.html,src/partial/layouts/_head.html,yes
src/html/store-admin/shop-list.html,html,include,../../partial/layouts/_js.html,src/partial/layouts/_js.html,yes
src/html/store-admin/shop-list.html,html,include,../../partial/shared/components/_nav-top.html,src/partial/shared/components/_nav-top.html,yes
src/html/store-admin/shop-list.html,html,include,../../partial/shared/components/_pagination.html,src/partial/shared/components/_pagination.html,yes
src/html/store-admin/shop-list.html,html,include,../../partial/shared/modals/_refresh.html,src/partial/shared/modals/_refresh.html,yes
src/html/store-admin/shop-list.html,html,include,../../partial/shared/modals/_store-detail.html,src/partial/shared/modals/_store-detail.html,yes
src/html/store-admin/shop-list.html,html,include,../../partial/shared/ui/_section-title-h3.html,src/partial/shared/ui/_section-title-h3.html,yes
src/html/store-admin/shop-order.html,html,include,../../partial/features/store-admin/_form-2col.html,src/partial/features/store-admin/_form-2col.html,yes
src/html/store-admin/shop-order.html,html,include,../../partial/features/store-admin/_header.html,src/partial/features/store-admin/_header.html,yes
src/html/store-admin/shop-order.html,html,include,../../partial/features/store-admin/_nav-main.html,src/partial/features/store-admin/_nav-main.html,yes
src/html/store-admin/shop-order.html,html,include,../../partial/features/store-admin/_nav-mobile.html,src/partial/features/store-admin/_nav-mobile.html,yes
src/html/store-admin/shop-order.html,html,include,../../partial/layouts/_footer.html,src/partial/layouts/_footer.html,yes
src/html/store-admin/shop-order.html,html,include,../../partial/layouts/_head.html,src/partial/layouts/_head.html,yes
src/html/store-admin/shop-order.html,html,include,../../partial/layouts/_js.html,src/partial/layouts/_js.html,yes
src/html/store-admin/shop-order.html,html,include,../../partial/shared/components/_nav-top.html,src/partial/shared/components/_nav-top.html,yes
src/html/store-admin/shop-order.html,html,include,../../partial/shared/modals/_refresh.html,src/partial/shared/modals/_refresh.html,yes
src/html/store-admin/shop-order.html,html,include,../../partial/shared/ui/_section-title-h3.html,src/partial/shared/ui/_section-title-h3.html,yes
src/html/store-admin/shop-record.html,html,include,../../partial/features/store-admin/_header.html,src/partial/features/store-admin/_header.html,yes
src/html/store-admin/shop-record.html,html,include,../../partial/features/store-admin/_nav-main.html,src/partial/features/store-admin/_nav-main.html,yes
src/html/store-admin/shop-record.html,html,include,../../partial/features/store-admin/_nav-mobile.html,src/partial/features/store-admin/_nav-mobile.html,yes
src/html/store-admin/shop-record.html,html,include,../../partial/features/store-admin/_table.html,src/partial/features/store-admin/_table.html,yes
src/html/store-admin/shop-record.html,html,include,../../partial/layouts/_footer.html,src/partial/layouts/_footer.html,yes
src/html/store-admin/shop-record.html,html,include,../../partial/layouts/_head.html,src/partial/layouts/_head.html,yes
src/html/store-admin/shop-record.html,html,include,../../partial/layouts/_js.html,src/partial/layouts/_js.html,yes
src/html/store-admin/shop-record.html,html,include,../../partial/shared/components/_nav-top.html,src/partial/shared/components/_nav-top.html,yes
src/html/store-admin/shop-record.html,html,include,../../partial/shared/components/_pagination.html,src/partial/shared/components/_pagination.html,yes
src/html/store-admin/shop-record.html,html,include,../../partial/shared/modals/_refresh.html,src/partial/shared/modals/_refresh.html,yes
src/html/store-admin/shop-record.html,html,include,../../partial/shared/ui/_section-title-h3.html,src/partial/shared/ui/_section-title-h3.html,yes
src/html/store-admin/store-account.html,html,include,../../partial/features/store-admin/_form-2col.html,src/partial/features/store-admin/_form-2col.html,yes
src/html/store-admin/store-account.html,html,include,../../partial/features/store-admin/_header.html,src/partial/features/store-admin/_header.html,yes
src/html/store-admin/store-account.html,html,include,../../partial/features/store-admin/_nav-main.html,src/partial/features/store-admin/_nav-main.html,yes
src/html/store-admin/store-account.html,html,include,../../partial/features/store-admin/_nav-mobile.html,src/partial/features/store-admin/_nav-mobile.html,yes
src/html/store-admin/store-account.html,html,include,../../partial/layouts/_footer.html,src/partial/layouts/_footer.html,yes
src/html/store-admin/store-account.html,html,include,../../partial/layouts/_head.html,src/partial/layouts/_head.html,yes
src/html/store-admin/store-account.html,html,include,../../partial/layouts/_js.html,src/partial/layouts/_js.html,yes
src/html/store-admin/store-account.html,html,include,../../partial/shared/components/_nav-top.html,src/partial/shared/components/_nav-top.html,yes
src/html/store-admin/store-account.html,html,include,../../partial/shared/modals/_refresh.html,src/partial/shared/modals/_refresh.html,yes
src/html/store-admin/store-account.html,html,include,../../partial/shared/ui/_section-title-h3.html,src/partial/shared/ui/_section-title-h3.html,yes
src/html/store-admin/store-list.html,html,include,../../partial/features/store-admin/_header.html,src/partial/features/store-admin/_header.html,yes
src/html/store-admin/store-list.html,html,include,../../partial/features/store-admin/_nav-main.html,src/partial/features/store-admin/_nav-main.html,yes
src/html/store-admin/store-list.html,html,include,../../partial/features/store-admin/_nav-mobile.html,src/partial/features/store-admin/_nav-mobile.html,yes
src/html/store-admin/store-list.html,html,include,../../partial/features/store-admin/_table.html,src/partial/features/store-admin/_table.html,yes
src/html/store-admin/store-list.html,html,include,../../partial/layouts/_footer.html,src/partial/layouts/_footer.html,yes
src/html/store-admin/store-list.html,html,include,../../partial/layouts/_head.html,src/partial/layouts/_head.html,yes
src/html/store-admin/store-list.html,html,include,../../partial/layouts/_js.html,src/partial/layouts/_js.html,yes
src/html/store-admin/store-list.html,html,include,../../partial/shared/components/_nav-top.html,src/partial/shared/components/_nav-top.html,yes
src/html/store-admin/store-list.html,html,include,../../partial/shared/modals/_refresh.html,src/partial/shared/modals/_refresh.html,yes
src/html/store-admin/store-list.html,html,include,../../partial/shared/ui/_section-title-h3.html,src/partial/shared/ui/_section-title-h3.html,yes
src/html/store-admin/store-modify.html,html,include,../../partial/features/store-admin/_form-2col.html,src/partial/features/store-admin/_form-2col.html,yes
src/html/store-admin/store-modify.html,html,include,../../partial/features/store-admin/_header.html,src/partial/features/store-admin/_header.html,yes
src/html/store-admin/store-modify.html,html,include,../../partial/features/store-admin/_nav-main.html,src/partial/features/store-admin/_nav-main.html,yes
src/html/store-admin/store-modify.html,html,include,../../partial/features/store-admin/_nav-mobile.html,src/partial/features/store-admin/_nav-mobile.html,yes
src/html/store-admin/store-modify.html,html,include,../../partial/layouts/_footer.html,src/partial/layouts/_footer.html,yes
src/html/store-admin/store-modify.html,html,include,../../partial/layouts/_head.html,src/partial/layouts/_head.html,yes
src/html/store-admin/store-modify.html,html,include,../../partial/layouts/_js.html,src/partial/layouts/_js.html,yes
src/html/store-admin/store-modify.html,html,include,../../partial/shared/components/_nav-top.html,src/partial/shared/components/_nav-top.html,yes
src/html/store-admin/store-modify.html,html,include,../../partial/shared/modals/_refresh.html,src/partial/shared/modals/_refresh.html,yes
src/html/store-admin/store-modify.html,html,include,../../partial/shared/ui/_section-title-h3.html,src/partial/shared/ui/_section-title-h3.html,yes
src/html/store/about.html,html,include,../../partial/features/store/_js-readmore.html,src/partial/features/store/_js-readmore.html,yes
src/html/store/about.html,html,include,../../partial/features/store/_store-intro.html,src/partial/features/store/_store-intro.html,yes
src/html/store/about.html,html,include,../../partial/features/store/_store-list.html,src/partial/features/store/_store-list.html,yes
src/html/store/about.html,html,include,../../partial/features/store/_store-list.html,src/partial/features/store/_store-list.html,yes
src/html/store/about.html,html,include,../../partial/layouts/_footer.html,src/partial/layouts/_footer.html,yes
src/html/store/about.html,html,include,../../partial/layouts/_head.html,src/partial/layouts/_head.html,yes
src/html/store/about.html,html,include,../../partial/layouts/_header.html,src/partial/layouts/_header.html,yes
src/html/store/about.html,html,include,../../partial/layouts/_js.html,src/partial/layouts/_js.html,yes
src/html/store/about.html,html,include,../../partial/shared/components/_ad-970.html,src/partial/shared/components/_ad-970.html,yes
src/html/store/about.html,html,include,../../partial/shared/components/_fb-sdk.html,src/partial/shared/components/_fb-sdk.html,yes
src/html/store/about.html,html,include,../../partial/shared/components/_nav-main.html,src/partial/shared/components/_nav-main.html,yes
src/html/store/about.html,html,include,../../partial/shared/components/_nav-top.html,src/partial/shared/components/_nav-top.html,yes
src/html/store/about.html,html,include,../../partial/shared/components/_popup-message.html,src/partial/shared/components/_popup-message.html,yes
src/html/store/about.html,html,include,../../partial/shared/ui/_section-title-h3.html,src/partial/shared/ui/_section-title-h3.html,yes
src/html/store/detail-repair.html,html,include,../../partial/features/store/_js-fresco.html,src/partial/features/store/_js-fresco.html,yes
src/html/store/detail-repair.html,html,include,../../partial/features/store/_js-readmore.html,src/partial/features/store/_js-readmore.html,yes
src/html/store/detail-repair.html,html,include,../../partial/features/store/_section-product.html,src/partial/features/store/_section-product.html,yes
src/html/store/detail-repair.html,html,include,../../partial/features/store/_section-tabs.html,src/partial/features/store/_section-tabs.html,yes
src/html/store/detail-repair.html,html,include,../../partial/features/store/_section-text.html,src/partial/features/store/_section-text.html,yes
src/html/store/detail-repair.html,html,include,../../partial/features/store/_section-text.html,src/partial/features/store/_section-text.html,yes
src/html/store/detail-repair.html,html,include,../../partial/features/store/_sidebar-list-collapse.html,src/partial/features/store/_sidebar-list-collapse.html,yes
src/html/store/detail-repair.html,html,include,../../partial/features/store/_store-title.html,src/partial/features/store/_store-title.html,yes
src/html/store/detail-repair.html,html,include,../../partial/layouts/_footer.html,src/partial/layouts/_footer.html,yes
src/html/store/detail-repair.html,html,include,../../partial/layouts/_head.html,src/partial/layouts/_head.html,yes
src/html/store/detail-repair.html,html,include,../../partial/layouts/_header.html,src/partial/layouts/_header.html,yes
src/html/store/detail-repair.html,html,include,../../partial/layouts/_js.html,src/partial/layouts/_js.html,yes
src/html/store/detail-repair.html,html,include,../../partial/shared/components/_ad-970.html,src/partial/shared/components/_ad-970.html,yes
src/html/store/detail-repair.html,html,include,../../partial/shared/components/_nav-main.html,src/partial/shared/components/_nav-main.html,yes
src/html/store/detail-repair.html,html,include,../../partial/shared/components/_nav-top.html,src/partial/shared/components/_nav-top.html,yes
src/html/store/detail-repair.html,html,include,../../partial/shared/components/_popup-message.html,src/partial/shared/components/_popup-message.html,yes
src/html/store/detail-second.html,html,include,../../partial/features/store/_js-fresco.html,src/partial/features/store/_js-fresco.html,yes
src/html/store/detail-second.html,html,include,../../partial/features/store/_js-readmore.html,src/partial/features/store/_js-readmore.html,yes
src/html/store/detail-second.html,html,include,../../partial/features/store/_section-product.html,src/partial/features/store/_section-product.html,yes
src/html/store/detail-second.html,html,include,../../partial/features/store/_section-table.html,src/partial/features/store/_section-table.html,yes
src/html/store/detail-second.html,html,include,../../partial/features/store/_section-text.html,src/partial/features/store/_section-text.html,yes
src/html/store/detail-second.html,html,include,../../partial/features/store/_section-text.html,src/partial/features/store/_section-text.html,yes
src/html/store/detail-second.html,html,include,../../partial/features/store/_section-text.html,src/partial/features/store/_section-text.html,yes
src/html/store/detail-second.html,html,include,../../partial/features/store/_sidebar-list-collapse.html,src/partial/features/store/_sidebar-list-collapse.html,yes
src/html/store/detail-second.html,html,include,../../partial/features/store/_store-title.html,src/partial/features/store/_store-title.html,yes
src/html/store/detail-second.html,html,include,../../partial/layouts/_footer.html,src/partial/layouts/_footer.html,yes
src/html/store/detail-second.html,html,include,../../partial/layouts/_head.html,src/partial/layouts/_head.html,yes
src/html/store/detail-second.html,html,include,../../partial/layouts/_header.html,src/partial/layouts/_header.html,yes
src/html/store/detail-second.html,html,include,../../partial/layouts/_js.html,src/partial/layouts/_js.html,yes
src/html/store/detail-second.html,html,include,../../partial/shared/components/_ad-970.html,src/partial/shared/components/_ad-970.html,yes
src/html/store/detail-second.html,html,include,../../partial/shared/components/_nav-main.html,src/partial/shared/components/_nav-main.html,yes
src/html/store/detail-second.html,html,include,../../partial/shared/components/_nav-top.html,src/partial/shared/components/_nav-top.html,yes
src/html/store/detail-second.html,html,include,../../partial/shared/components/_popup-message.html,src/partial/shared/components/_popup-message.html,yes
src/html/store/detail.html,html,include,../../partial/features/store/_js-fresco.html,src/partial/features/store/_js-fresco.html,yes
src/html/store/detail.html,html,include,../../partial/features/store/_js-readmore.html,src/partial/features/store/_js-readmore.html,yes
src/html/store/detail.html,html,include,../../partial/features/store/_section-alert.html,src/partial/features/store/_section-alert.html,yes
src/html/store/detail.html,html,include,../../partial/features/store/_section-product.html,src/partial/features/store/_section-product.html,yes
src/html/store/detail.html,html,include,../../partial/features/store/_section-table.html,src/partial/features/store/_section-table.html,yes
src/html/store/detail.html,html,include,../../partial/features/store/_section-tabs.html,src/partial/features/store/_section-tabs.html,yes
src/html/store/detail.html,html,include,../../partial/features/store/_section-text.html,src/partial/features/store/_section-text.html,yes
src/html/store/detail.html,html,include,../../partial/features/store/_section-text.html,src/partial/features/store/_section-text.html,yes
src/html/store/detail.html,html,include,../../partial/features/store/_section-text.html,src/partial/features/store/_section-text.html,yes
src/html/store/detail.html,html,include,../../partial/features/store/_sidebar-list-collapse.html,src/partial/features/store/_sidebar-list-collapse.html,yes
src/html/store/detail.html,html,include,../../partial/features/store/_store-title.html,src/partial/features/store/_store-title.html,yes
src/html/store/detail.html,html,include,../../partial/layouts/_footer.html,src/partial/layouts/_footer.html,yes
src/html/store/detail.html,html,include,../../partial/layouts/_head.html,src/partial/layouts/_head.html,yes
src/html/store/detail.html,html,include,../../partial/layouts/_header.html,src/partial/layouts/_header.html,yes
src/html/store/detail.html,html,include,../../partial/layouts/_js.html,src/partial/layouts/_js.html,yes
src/html/store/detail.html,html,include,../../partial/shared/components/_ad-970.html,src/partial/shared/components/_ad-970.html,yes
src/html/store/detail.html,html,include,../../partial/shared/components/_nav-main.html,src/partial/shared/components/_nav-main.html,yes
src/html/store/detail.html,html,include,../../partial/shared/components/_nav-top.html,src/partial/shared/components/_nav-top.html,yes
src/html/store/detail.html,html,include,../../partial/shared/components/_popup-message.html,src/partial/shared/components/_popup-message.html,yes
src/html/store/index.html,html,include,../../partial/features/store/_js-readmore.html,src/partial/features/store/_js-readmore.html,yes
src/html/store/index.html,html,include,../../partial/features/store/_store-intro.html,src/partial/features/store/_store-intro.html,yes
src/html/store/index.html,html,include,../../partial/layouts/_footer.html,src/partial/layouts/_footer.html,yes
src/html/store/index.html,html,include,../../partial/layouts/_head.html,src/partial/layouts/_head.html,yes
src/html/store/index.html,html,include,../../partial/layouts/_header.html,src/partial/layouts/_header.html,yes
src/html/store/index.html,html,include,../../partial/layouts/_js.html,src/partial/layouts/_js.html,yes
src/html/store/index.html,html,include,../../partial/shared/components/_ad-970.html,src/partial/shared/components/_ad-970.html,yes
src/html/store/index.html,html,include,../../partial/shared/components/_fb-sdk.html,src/partial/shared/components/_fb-sdk.html,yes
src/html/store/index.html,html,include,../../partial/shared/components/_nav-main.html,src/partial/shared/components/_nav-main.html,yes
src/html/store/index.html,html,include,../../partial/shared/components/_nav-top.html,src/partial/shared/components/_nav-top.html,yes
src/html/store/index.html,html,include,../../partial/shared/components/_popup-message.html,src/partial/shared/components/_popup-message.html,yes
src/partial/features/articles/_article-3col.html,partial,include,../../shared/components/_ad-336-280.html,src/partial/shared/components/_ad-336-280.html,yes
src/partial/features/articles/_article-3col.html,partial,include,../../shared/components/_ad-336-280.html,src/partial/shared/components/_ad-336-280.html,yes
src/partial/features/articles/_article-3col.html,partial,include,../../shared/components/_ad-336-280.html,src/partial/shared/components/_ad-336-280.html,yes
src/partial/features/articles/_article-3col.html,partial,include,../../shared/ui/_article-card-item.html,src/partial/shared/ui/_article-card-item.html,yes
src/partial/features/articles/_article-3col.html,partial,include,../../shared/ui/_article-card-item.html,src/partial/shared/ui/_article-card-item.html,yes
src/partial/features/articles/_article-3col.html,partial,include,../../shared/ui/_article-card-item.html,src/partial/shared/ui/_article-card-item.html,yes
src/partial/features/articles/_article-3col.html,partial,loop,../../shared/ui/_article-row-item.html,src/partial/shared/ui/_article-row-item.html,yes
src/partial/features/articles/_article-3col.html,partial,loop,../../shared/ui/_article-row-item.html,src/partial/shared/ui/_article-row-item.html,yes
src/partial/features/articles/_article-3col.html,partial,loop,../../shared/ui/_article-row-item.html,src/partial/shared/ui/_article-row-item.html,yes
src/partial/features/articles/_article-3col.html,partial,include,../../shared/ui/_section-title-h2.html,src/partial/shared/ui/_section-title-h2.html,yes
src/partial/features/articles/_comments.html,partial,loop,unit/_comment-item.html,src/partial/features/articles/unit/_comment-item.html,yes
src/partial/features/articles/_comments.html,partial,include,unit/_fb-comments.html,src/partial/features/articles/unit/_fb-comments.html,yes
src/partial/features/articles/_comments.html,partial,include,../../shared/ui/_section-title-h2.html,src/partial/shared/ui/_section-title-h2.html,yes
src/partial/features/articles/_detail-editable.html,partial,include,../../shared/ui/_ad-336-280-item.html,src/partial/shared/ui/_ad-336-280-item.html,yes
src/partial/features/articles/_related-products.html,partial,loop,unit/_related-products-item.html,src/partial/features/articles/unit/_related-products-item.html,yes
src/partial/features/articles/_related-products.html,partial,include,../../shared/ui/_section-title-h2.html,src/partial/shared/ui/_section-title-h2.html,yes
src/partial/features/index/_guide1.html,partial,include,../../shared/sections/_article-card.html,src/partial/shared/sections/_article-card.html,yes
src/partial/features/index/_guide1.html,partial,include,../../shared/sections/_products-list.html,src/partial/shared/sections/_products-list.html,yes
src/partial/features/index/_guide1.html,partial,include,../../shared/ui/_article-rich-item.html,src/partial/shared/ui/_article-rich-item.html,yes
src/partial/features/index/_guide1.html,partial,include,../../shared/ui/_article-simple-item.html,src/partial/shared/ui/_article-simple-item.html,yes
src/partial/features/index/_guide2.html,partial,include,../../shared/sections/_article-card.html,src/partial/shared/sections/_article-card.html,yes
src/partial/features/index/_guide2.html,partial,include,../../shared/sections/_article-list.html,src/partial/shared/sections/_article-list.html,yes
src/partial/features/index/_guide2.html,partial,include,../../shared/sections/_products-list.html,src/partial/shared/sections/_products-list.html,yes
src/partial/features/index/_guide2.html,partial,include,../../shared/ui/_article-simple-item.html,src/partial/shared/ui/_article-simple-item.html,yes
src/partial/features/index/_guide2.html,partial,include,../../shared/ui/_product-rich-item.html,src/partial/shared/ui/_product-rich-item.html,yes
src/partial/features/index/_guide2.html,partial,include,../../shared/ui/_video-item.html,src/partial/shared/ui/_video-item.html,yes
src/partial/features/index/_headlines.html,partial,include,../../shared/ui/_article-card-item.html,src/partial/shared/ui/_article-card-item.html,yes
src/partial/features/index/_headlines.html,partial,include,../../shared/ui/_article-card-item.html,src/partial/shared/ui/_article-card-item.html,yes
src/partial/features/index/_newsgroup-col.html,partial,include,../../shared/ui/_article-card-item.html,src/partial/shared/ui/_article-card-item.html,yes
src/partial/features/index/_newsgroup-col.html,partial,include,../../shared/ui/_article-row-item.html,src/partial/shared/ui/_article-row-item.html,yes
src/partial/features/index/_newsgroup.html,partial,include,_newsgroup-col.html,src/partial/features/index/_newsgroup-col.html,yes
src/partial/features/index/_newsgroup.html,partial,include,_newsgroup-col.html,src/partial/features/index/_newsgroup-col.html,yes
src/partial/features/index/_newsgroup.html,partial,include,_newsgroup-col.html,src/partial/features/index/_newsgroup-col.html,yes
src/partial/features/index/_newsgroup.html,partial,include,_newsgroup-col.html,src/partial/features/index/_newsgroup-col.html,yes
src/partial/features/index/_newsgroup.html,partial,include,_newsgroup-col.html,src/partial/features/index/_newsgroup-col.html,yes
src/partial/features/index/_newsgroup.html,partial,include,_newsgroup-col.html,src/partial/features/index/_newsgroup-col.html,yes
src/partial/features/index/_product-new-hot.html,partial,include,../../shared/sections/_products-list.html,src/partial/shared/sections/_products-list.html,yes
src/partial/features/index/_product-new-hot.html,partial,include,../../shared/ui/_article-rich-item.html,src/partial/shared/ui/_article-rich-item.html,yes
src/partial/features/index/_product-new-hot.html,partial,include,../../shared/ui/_section-title-h2.html,src/partial/shared/ui/_section-title-h2.html,yes
src/partial/features/index/_product-recommend.html,partial,include,../../shared/ui/_article-card-item.html,src/partial/shared/ui/_article-card-item.html,yes
src/partial/features/index/_product-recommend.html,partial,include,../../shared/ui/_product-spec-item.html,src/partial/shared/ui/_product-spec-item.html,yes
src/partial/features/index/_product-recommend.html,partial,include,../../shared/ui/_section-title-h2.html,src/partial/shared/ui/_section-title-h2.html,yes
src/partial/features/index/_product-release.html,partial,include,../../shared/ui/_article-card-item.html,src/partial/shared/ui/_article-card-item.html,yes
src/partial/features/index/_product-release.html,partial,include,../../shared/ui/_article-card-item.html,src/partial/shared/ui/_article-card-item.html,yes
src/partial/features/index/_product-release.html,partial,include,../../shared/ui/_product-spec-item.html,src/partial/shared/ui/_product-spec-item.html,yes
src/partial/features/index/_product-release.html,partial,include,../../shared/ui/_product-spec-item.html,src/partial/shared/ui/_product-spec-item.html,yes
src/partial/features/index/_product-release.html,partial,include,../../shared/ui/_section-title-h2.html,src/partial/shared/ui/_section-title-h2.html,yes
src/partial/features/index/_sale-rank.html,partial,include,../../shared/ui/_section-title-h2.html,src/partial/shared/ui/_section-title-h2.html,yes
src/partial/features/index/_social.html,partial,include,../../shared/ui/_section-title-h2.html,src/partial/shared/ui/_section-title-h2.html,yes
src/partial/features/index/_store-new.html,partial,include,../../shared/sections/_products-list.html,src/partial/shared/sections/_products-list.html,yes
src/partial/features/index/_topic.html,partial,loop,../../shared/ui/_article-list-item.html,src/partial/shared/ui/_article-list-item.html,yes
src/partial/features/index/_topic.html,partial,include,../../shared/ui/_btn.html,src/partial/shared/ui/_btn.html,yes
src/partial/features/member/_form-otp-resend.html,partial,include,unit/_form-group-otp.html,src/partial/features/member/unit/_form-group-otp.html,yes
src/partial/features/member/_form-otp-resend.html,partial,include,unit/_form-group-phone-number.html,src/partial/features/member/unit/_form-group-phone-number.html,yes
src/partial/features/member/_form-otp.html,partial,include,unit/_form-group-otp.html,src/partial/features/member/unit/_form-group-otp.html,yes
src/partial/features/member/_form-otp.html,partial,include,unit/_form-group-phone-number.html,src/partial/features/member/unit/_form-group-phone-number.html,yes
src/partial/features/member/_form-pw.html,partial,include,unit/_form-group-phone-number.html,src/partial/features/member/unit/_form-group-phone-number.html,yes
src/partial/features/member/_step.html,partial,include,unit/_step-item.html,src/partial/features/member/unit/_step-item.html,yes
src/partial/features/pk/_tbody-collapse.html,partial,include,unit/_btn-remove.html,src/partial/features/pk/unit/_btn-remove.html,yes
src/partial/features/pk/_thead.html,partial,include,unit/_thead-th.html,src/partial/features/pk/unit/_thead-th.html,yes
src/partial/features/pk/unit/_tbody-td.html,partial,include,_btn-remove.html,src/partial/features/pk/unit/_btn-remove.html,yes
src/partial/features/pk/unit/_tbody-tr.html,partial,include,_tbody-td.html,src/partial/features/pk/unit/_tbody-td.html,yes
src/partial/features/pk/unit/_thead-th.html,partial,include,_btn-remove.html,src/partial/features/pk/unit/_btn-remove.html,yes
src/partial/features/products/_article-list-full.html,partial,include,../../shared/ui/_section-title-h3.html,src/partial/shared/ui/_section-title-h3.html,yes
src/partial/features/products/_article-list.html,partial,include,../../shared/ui/_section-title-h3.html,src/partial/shared/ui/_section-title-h3.html,yes
src/partial/features/products/_compare-most-viewed.html,partial,include,../../shared/ui/_section-title-h3.html,src/partial/shared/ui/_section-title-h3.html,yes
src/partial/features/products/_discount-list.html,partial,include,../../shared/ui/_discount-list-item.html,src/partial/shared/ui/_discount-list-item.html,yes
src/partial/features/products/_discount.html,partial,include,_discount-list.html,src/partial/features/products/_discount-list.html,yes
src/partial/features/products/_discount.html,partial,include,../../shared/components/_ad-336-280.html,src/partial/shared/components/_ad-336-280.html,yes
src/partial/features/products/_discount.html,partial,include,../../shared/sections/_article-list.html,src/partial/shared/sections/_article-list.html,yes
src/partial/features/products/_discount.html,partial,include,../../shared/ui/_section-title-h2.html,src/partial/shared/ui/_section-title-h2.html,yes
src/partial/features/products/_fa-comments.html,partial,include,../../shared/ui/_section-title-h3.html,src/partial/shared/ui/_section-title-h3.html,yes
src/partial/features/products/_previous.html,partial,include,../../shared/ui/_ad-300-250-item.html,src/partial/shared/ui/_ad-300-250-item.html,yes
src/partial/features/products/_previous.html,partial,include,../../shared/ui/_section-title-h3.html,src/partial/shared/ui/_section-title-h3.html,yes
src/partial/features/products/_price-intro.html,partial,loop,unit/_price-intro-repair-item.html,src/partial/features/products/unit/_price-intro-repair-item.html,yes
src/partial/features/products/_price-intro.html,partial,include,../../shared/components/_ad-sponsor.html,src/partial/shared/components/_ad-sponsor.html,yes
src/partial/features/products/_price-intro.html,partial,include,../../shared/ui/_btn.html,src/partial/shared/ui/_btn.html,yes
src/partial/features/products/_price-intro.html,partial,include,../../shared/ui/_btn.html,src/partial/shared/ui/_btn.html,yes
src/partial/features/products/_price-intro.html,partial,include,../../shared/ui/_btn.html,src/partial/shared/ui/_btn.html,yes
src/partial/features/products/_price-trend.html,partial,include,../../shared/ui/_ad-300-250-item.html,src/partial/shared/ui/_ad-300-250-item.html,yes
src/partial/features/products/_price-trend.html,partial,include,../../shared/ui/_section-title-h3.html,src/partial/shared/ui/_section-title-h3.html,yes
src/partial/features/products/_product-intro.html,partial,include,../../shared/ui/_ad-300-250-item.html,src/partial/shared/ui/_ad-300-250-item.html,yes
src/partial/features/products/_product-intro.html,partial,include,../../shared/ui/_ad-336-280-item.html,src/partial/shared/ui/_ad-336-280-item.html,yes
src/partial/features/products/_product-intro.html,partial,include,../../shared/ui/_section-title-h3.html,src/partial/shared/ui/_section-title-h3.html,yes
src/partial/features/products/_product-spec.html,partial,include,../../shared/components/_table-spec.html,src/partial/shared/components/_table-spec.html,yes
src/partial/features/products/_product-spec.html,partial,include,../../shared/ui/_ad-300-250-item.html,src/partial/shared/ui/_ad-300-250-item.html,yes
src/partial/features/products/_product-spec.html,partial,include,../../shared/ui/_section-title-h3.html,src/partial/shared/ui/_section-title-h3.html,yes
src/partial/features/products/_products-filter.html,partial,include,../../shared/sections/_products-list.html,src/partial/shared/sections/_products-list.html,yes
src/partial/features/products/_products-filter.html,partial,include,../../shared/sections/_products-list.html,src/partial/shared/sections/_products-list.html,yes
src/partial/features/products/_products-filter.html,partial,include,../../shared/ui/_section-title-h2.html,src/partial/shared/ui/_section-title-h2.html,yes
src/partial/features/products/_products-new-list.html,partial,include,../../shared/components/_ad-336-280.html,src/partial/shared/components/_ad-336-280.html,yes
src/partial/features/products/_products-new-list.html,partial,include,../../shared/sections/_article-list.html,src/partial/shared/sections/_article-list.html,yes
src/partial/features/products/_products-new-list.html,partial,include,../../shared/sections/_products-list.html,src/partial/shared/sections/_products-list.html,yes
src/partial/features/products/_products-new-list.html,partial,include,../../shared/ui/_product-rich-item.html,src/partial/shared/ui/_product-rich-item.html,yes
src/partial/features/products/_products-new-list.html,partial,include,../../shared/ui/_section-title-h2.html,src/partial/shared/ui/_section-title-h2.html,yes
src/partial/features/products/_products-old-list.html,partial,loop,unit/_old-list-item.html,src/partial/features/products/unit/_old-list-item.html,yes
src/partial/features/products/_products-old-list.html,partial,loop,unit/_old-list-item.html,src/partial/features/products/unit/_old-list-item.html,yes
src/partial/features/products/_products-old-list.html,partial,loop,unit/_old-list-item.html,src/partial/features/products/unit/_old-list-item.html,yes
src/partial/features/products/_products-old-list.html,partial,include,../../shared/ui/_section-title-h2.html,src/partial/shared/ui/_section-title-h2.html,yes
src/partial/features/products/_products-similar-list-new.html,partial,include,../../shared/sections/_products-list.html,src/partial/shared/sections/_products-list.html,yes
src/partial/features/products/_products-similar-list-new.html,partial,include,../../shared/ui/_section-title-h2.html,src/partial/shared/ui/_section-title-h2.html,yes
src/partial/features/products/_products-similar-list.html,partial,include,../../shared/ui/_section-title-h3.html,src/partial/shared/ui/_section-title-h3.html,yes
src/partial/features/products/_repair-cat-list.html,partial,loop,unit/_repair-cat-list-item.html,src/partial/features/products/unit/_repair-cat-list-item.html,yes
src/partial/features/products/_repair-cat-list.html,partial,include,../../shared/ui/_section-title-h2.html,src/partial/shared/ui/_section-title-h2.html,yes
src/partial/features/products/_repair-cat-list.html,partial,include,../../shared/ui/_store-list-nav.html,src/partial/shared/ui/_store-list-nav.html,yes
src/partial/features/products/_repair-overview.html,partial,loop,unit/_repair-part-item.html,src/partial/features/products/unit/_repair-part-item.html,yes
src/partial/features/products/_repair-overview.html,partial,include,../../shared/ui/_btn.html,src/partial/shared/ui/_btn.html,yes
src/partial/features/products/_repair-overview.html,partial,include,../../shared/ui/_product-price-group.html,src/partial/shared/ui/_product-price-group.html,yes
src/partial/features/products/_repair-overview.html,partial,include,../../shared/ui/_product-price-group.html,src/partial/shared/ui/_product-price-group.html,yes
src/partial/features/products/_repair-overview.html,partial,include,../../shared/ui/_product-price-group.html,src/partial/shared/ui/_product-price-group.html,yes
src/partial/features/products/_repair-overview.html,partial,include,../../shared/ui/_product-price-group.html,src/partial/shared/ui/_product-price-group.html,yes
src/partial/features/products/_repair-overview.html,partial,include,../../shared/ui/_section-title-h2.html,src/partial/shared/ui/_section-title-h2.html,yes
src/partial/features/products/_store-price.html,partial,include,../../shared/ui/_ad-300-250-item.html,src/partial/shared/ui/_ad-300-250-item.html,yes
src/partial/features/products/unit/_price-intro-repair-item.html,partial,include,../../../shared/ui/_btn.html,src/partial/shared/ui/_btn.html,yes
src/partial/features/products/unit/_repair-cat-list-item.html,partial,include,../../../shared/ui/_btn.html,src/partial/shared/ui/_btn.html,yes
src/partial/features/shop/_shop-list.html,partial,include,unit/_shop-list-item.html,src/partial/features/shop/unit/_shop-list-item.html,yes
src/partial/features/store-admin/_form-1col-row.html,partial,include,../../shared/ui/_btn.html,src/partial/shared/ui/_btn.html,yes
src/partial/features/store-admin/_form-1col-row.html,partial,include,../../shared/ui/_btn.html,src/partial/shared/ui/_btn.html,yes
src/partial/features/store-admin/_form-1col-row.html,partial,include,../../shared/ui/_btn.html,src/partial/shared/ui/_btn.html,yes
src/partial/features/store-admin/_form-1col-row.html,partial,include,../../shared/ui/_btn.html,src/partial/shared/ui/_btn.html,yes
src/partial/features/store-admin/_form-1col.html,partial,include,_alert.html,src/partial/features/store-admin/_alert.html,yes
src/partial/features/store-admin/_form-1col.html,partial,include,_form-1col-col.html,src/partial/features/store-admin/_form-1col-col.html,yes
src/partial/features/store-admin/_form-1col.html,partial,include,_form-1col-row.html,src/partial/features/store-admin/_form-1col-row.html,yes
src/partial/features/store-admin/_form-1col.html,partial,include,_sub-title.html,src/partial/features/store-admin/_sub-title.html,yes
src/partial/features/store-admin/_form-1col.html,partial,include,../../shared/ui/_btn.html,src/partial/shared/ui/_btn.html,yes
src/partial/features/store-admin/_form-1col.html,partial,include,../../shared/ui/_btn.html,src/partial/shared/ui/_btn.html,yes
src/partial/features/store-admin/_form-2col.html,partial,include,_form-2col-row.html,src/partial/features/store-admin/_form-2col-row.html,yes
src/partial/features/store-admin/_form-2col.html,partial,include,../../shared/ui/_btn.html,src/partial/shared/ui/_btn.html,yes
src/partial/features/store-admin/_form-2col.html,partial,include,../../shared/ui/_btn.html,src/partial/shared/ui/_btn.html,yes
src/partial/features/store-admin/_list-group.html,partial,loop,_list-group-item.html,src/partial/features/store-admin/_list-group-item.html,yes
src/partial/features/store-admin/_product-search.html,partial,include,_sub-title.html,src/partial/features/store-admin/_sub-title.html,yes
src/partial/features/store-admin/_product-search.html,partial,include,../../shared/ui/_btn.html,src/partial/shared/ui/_btn.html,yes
src/partial/features/store-admin/_table-func.html,partial,include,../../shared/ui/_btn.html,src/partial/shared/ui/_btn.html,yes
src/partial/features/store-admin/_table-td.html,partial,include,../../shared/ui/_btn.html,src/partial/shared/ui/_btn.html,yes
src/partial/features/store-admin/_table.html,partial,include,_alert.html,src/partial/features/store-admin/_alert.html,yes
src/partial/features/store-admin/_table.html,partial,include,_sub-title.html,src/partial/features/store-admin/_sub-title.html,yes
src/partial/features/store-admin/_table.html,partial,include,_table-func.html,src/partial/features/store-admin/_table-func.html,yes
src/partial/features/store-admin/_table.html,partial,include,_table-td.html,src/partial/features/store-admin/_table-td.html,yes
src/partial/features/store-admin/_table.html,partial,include,_table-td.html,src/partial/features/store-admin/_table-td.html,yes
src/partial/features/store-admin/_table.html,partial,include,_table-td.html,src/partial/features/store-admin/_table-td.html,yes
src/partial/features/store-admin/_table.html,partial,include,_table-th.html,src/partial/features/store-admin/_table-th.html,yes
src/partial/features/store-admin/_table.html,partial,include,../../shared/components/_pagination.html,src/partial/shared/components/_pagination.html,yes
src/partial/features/store-admin/_tabs.html,partial,include,_table.html,src/partial/features/store-admin/_table.html,yes
src/partial/features/store-admin/_tabs.html,partial,include,_table.html,src/partial/features/store-admin/_table.html,yes
src/partial/features/store-admin/_tabs.html,partial,include,_table.html,src/partial/features/store-admin/_table.html,yes
src/partial/features/store-admin/_tabs.html,partial,include,_table.html,src/partial/features/store-admin/_table.html,yes
src/partial/features/store-admin/_tabs.html,partial,include,_table.html,src/partial/features/store-admin/_table.html,yes
src/partial/features/store-admin/_tabs.html,partial,include,../../shared/ui/_btn.html,src/partial/shared/ui/_btn.html,yes
src/partial/features/store/_section-alert.html,partial,include,unit/_bar-title.html,src/partial/features/store/unit/_bar-title.html,yes
src/partial/features/store/_section-product.html,partial,include,unit/_store-desc-item.html,src/partial/features/store/unit/_store-desc-item.html,yes
src/partial/features/store/_section-product.html,partial,include,unit/_store-list-item.html,src/partial/features/store/unit/_store-list-item.html,yes
src/partial/features/store/_section-table.html,partial,include,unit/_bar-title.html,src/partial/features/store/unit/_bar-title.html,yes
src/partial/features/store/_section-tabs.html,partial,include,unit/_bar-title.html,src/partial/features/store/unit/_bar-title.html,yes
src/partial/features/store/_section-text.html,partial,include,unit/_bar-title.html,src/partial/features/store/unit/_bar-title.html,yes
src/partial/features/store/_sidebar-list-collapse.html,partial,include,unit/_sidebar-list-group.html,src/partial/features/store/unit/_sidebar-list-group.html,yes
src/partial/features/store/_sidebar-list-collapse.html,partial,include,unit/_sidebar-list-group.html,src/partial/features/store/unit/_sidebar-list-group.html,yes
src/partial/features/store/_sidebar-list-collapse.html,partial,include,unit/_sidebar-list-group.html,src/partial/features/store/unit/_sidebar-list-group.html,yes
src/partial/features/store/_store-intro.html,partial,include,_store-title.html,src/partial/features/store/_store-title.html,yes
src/partial/features/store/_store-list.html,partial,include,unit/_bar-title.html,src/partial/features/store/unit/_bar-title.html,yes
src/partial/features/store/_store-list.html,partial,include,unit/_store-list-item.html,src/partial/features/store/unit/_store-list-item.html,yes
src/partial/features/store/unit/_sidebar-list-group.html,partial,loop,_sidebar-list-group-item.html,src/partial/features/store/unit/_sidebar-list-group-item.html,yes
src/partial/features/store/unit/_sidebar-list-group.html,partial,loop,_sidebar-list-group-item.html,src/partial/features/store/unit/_sidebar-list-group-item.html,yes
src/partial/shared/components/_ad-300-250-double.html,partial,include,../ui/_ad-300-250-item.html,src/partial/shared/ui/_ad-300-250-item.html,yes
src/partial/shared/components/_ad-300-250-double.html,partial,include,../ui/_ad-300-250-item.html,src/partial/shared/ui/_ad-300-250-item.html,yes
src/partial/shared/components/_table-spec.html,partial,include,../ui/_ad-336-280-item.html,src/partial/shared/ui/_ad-336-280-item.html,yes
src/partial/shared/sections/_article-4col.html,partial,loop,unit/_article-4col-item.html,src/partial/shared/sections/unit/_article-4col-item.html,yes
src/partial/shared/sections/_article-4col.html,partial,include,../ui/_btn.html,src/partial/shared/ui/_btn.html,yes
src/partial/shared/sections/_article-4col.html,partial,include,../ui/_section-title-h2.html,src/partial/shared/ui/_section-title-h2.html,yes
src/partial/shared/sections/_article-card.html,partial,loop,../ui/_article-card-item.html,src/partial/shared/ui/_article-card-item.html,yes
src/partial/shared/sections/_article-list.html,partial,loop,../ui/_article-list-item.html,src/partial/shared/ui/_article-list-item.html,yes
src/partial/shared/sections/_compare-series.html,partial,include,../ui/_btn.html,src/partial/shared/ui/_btn.html,yes
src/partial/shared/sections/_compare-series.html,partial,loop,../ui/_compare-item.html,src/partial/shared/ui/_compare-item.html,yes
src/partial/shared/sections/_compare-series.html,partial,loop,../ui/_compare-item.html,src/partial/shared/ui/_compare-item.html,yes
src/partial/shared/sections/_compare-series.html,partial,include,../ui/_section-title-h2.html,src/partial/shared/ui/_section-title-h2.html,yes
src/partial/shared/sections/_product-price.html,partial,include,../ui/_product-price-group.html,src/partial/shared/ui/_product-price-group.html,yes
src/partial/shared/sections/_product-price.html,partial,include,../ui/_product-price-group.html,src/partial/shared/ui/_product-price-group.html,yes
src/partial/shared/sections/_product-price.html,partial,include,../ui/_product-price-group.html,src/partial/shared/ui/_product-price-group.html,yes
src/partial/shared/sections/_product-price.html,partial,include,../ui/_product-price-group.html,src/partial/shared/ui/_product-price-group.html,yes
src/partial/shared/sections/_product-price.html,partial,include,../ui/_section-title-h2.html,src/partial/shared/ui/_section-title-h2.html,yes
src/partial/shared/sections/_products-list.data.html,partial,include,../ui/_product-list-item.html,src/partial/shared/ui/_product-list-item.html,yes
src/partial/shared/sections/_products-list.html,partial,include,_products-list.data.html,src/partial/shared/sections/_products-list.data.html,yes
src/partial/shared/sections/_products-row-hs.html,partial,include,_products-list.html,src/partial/shared/sections/_products-list.html,yes
src/partial/shared/sections/_store-list.html,partial,include,../../features/products/_price-search-func.html,src/partial/features/products/_price-search-func.html,yes
src/partial/shared/sections/_store-list.html,partial,include,../ui/_section-title-h2.html,src/partial/shared/ui/_section-title-h2.html,yes
src/partial/shared/sections/_store-list.html,partial,loop,../ui/_store-list-item.html,src/partial/shared/ui/_store-list-item.html,yes
src/partial/shared/sections/_store-list.html,partial,include,../ui/_store-list-nav.html,src/partial/shared/ui/_store-list-nav.html,yes
src/partial/shared/ui/_article-rich-item.html,partial,include,_btn.html,src/partial/shared/ui/_btn.html,yes
src/partial/shared/ui/_discount-list-item.html,partial,include,_btn.html,src/partial/shared/ui/_btn.html,yes
src/partial/shared/ui/_product-list-item.html,partial,include,_btn.html,src/partial/shared/ui/_btn.html,yes
src/partial/shared/ui/_product-list-item.html,partial,include,_btn.html,src/partial/shared/ui/_btn.html,yes
src/partial/shared/ui/_product-price-group.html,partial,include,_btn.html,src/partial/shared/ui/_btn.html,yes
src/partial/shared/ui/_product-price-group.html,partial,include,_product-price-item.html,src/partial/shared/ui/_product-price-item.html,yes
src/partial/shared/ui/_product-rich-item.html,partial,include,_btn.html,src/partial/shared/ui/_btn.html,yes
src/partial/shared/ui/_product-rich-item.html,partial,include,_btn.html,src/partial/shared/ui/_btn.html,yes
src/partial/shared/ui/_product-rich-item.html,partial,include,_btn.html,src/partial/shared/ui/_btn.html,yes
src/partial/shared/ui/_product-spec-item.html,partial,include,_btn.html,src/partial/shared/ui/_btn.html,yes
src/partial/shared/ui/_store-list-item.html,partial,include,_btn.html,src/partial/shared/ui/_btn.html,yes
src/partial/shared/ui/_store-list-item.html,partial,include,_btn.html,src/partial/shared/ui/_btn.html,yes
src/partial/shared/ui/_store-list-item.html,partial,include,_btn.html,src/partial/shared/ui/_btn.html,yes
src/partial/shared/ui/_store-list-item.html,partial,include,_btn.html,src/partial/shared/ui/_btn.html,yes
src/partial/shared/ui/_store-list-item.html,partial,include,_btn.html,src/partial/shared/ui/_btn.html,yes
src/partial/shared/ui/_store-list-item.html,partial,include,_btn.html,src/partial/shared/ui/_btn.html,yes
src/partial/shared/ui/_store-list-item.html,partial,include,_btn.html,src/partial/shared/ui/_btn.html,yes
